-- Dump into user_group table

INSERT INTO user_group (userGroup) VALUES ('Student');


-- Dump into attribute_tupel_tree table

INSERT INTO attribute_tupel_tree (id) VALUES (1);
INSERT INTO attribute_tupel_tree (id) VALUES (2);
INSERT INTO attribute_tupel_tree (id) VALUES (3);
INSERT INTO attribute_tupel_tree (id) VALUES (4);
INSERT INTO attribute_tupel_tree (id) VALUES (5);
INSERT INTO attribute_tupel_tree (id) VALUES (6);
INSERT INTO attribute_tupel_tree (id) VALUES (7);
INSERT INTO attribute_tupel_tree (id) VALUES (8);
INSERT INTO attribute_tupel_tree (id) VALUES (9);
INSERT INTO attribute_tupel_tree (id) VALUES (10);
INSERT INTO attribute_tupel_tree (id) VALUES (11);
INSERT INTO attribute_tupel_tree (id) VALUES (12);
INSERT INTO attribute_tupel_tree (id) VALUES (13);
INSERT INTO attribute_tupel_tree (id) VALUES (14);
INSERT INTO attribute_tupel_tree (id) VALUES (15);
INSERT INTO attribute_tupel_tree (id) VALUES (16);
INSERT INTO attribute_tupel_tree (id) VALUES (17);
INSERT INTO attribute_tupel_tree (id) VALUES (18);
INSERT INTO attribute_tupel_tree (id) VALUES (19);
INSERT INTO attribute_tupel_tree (id) VALUES (20);
INSERT INTO attribute_tupel_tree (id) VALUES (21);
INSERT INTO attribute_tupel_tree (id) VALUES (22);
INSERT INTO attribute_tupel_tree (id) VALUES (23);
INSERT INTO attribute_tupel_tree (id) VALUES (24);
INSERT INTO attribute_tupel_tree (id) VALUES (25);
INSERT INTO attribute_tupel_tree (id) VALUES (26);
INSERT INTO attribute_tupel_tree (id) VALUES (27);
INSERT INTO attribute_tupel_tree (id) VALUES (28);
INSERT INTO attribute_tupel_tree (id) VALUES (29);
INSERT INTO attribute_tupel_tree (id) VALUES (30);
INSERT INTO attribute_tupel_tree (id) VALUES (31);
INSERT INTO attribute_tupel_tree (id) VALUES (32);
INSERT INTO attribute_tupel_tree (id) VALUES (33);
INSERT INTO attribute_tupel_tree (id) VALUES (34);
INSERT INTO attribute_tupel_tree (id) VALUES (35);
INSERT INTO attribute_tupel_tree (id) VALUES (36);
INSERT INTO attribute_tupel_tree (id) VALUES (37);
INSERT INTO attribute_tupel_tree (id) VALUES (38);
INSERT INTO attribute_tupel_tree (id) VALUES (39);
INSERT INTO attribute_tupel_tree (id) VALUES (40);
INSERT INTO attribute_tupel_tree (id) VALUES (41);
INSERT INTO attribute_tupel_tree (id) VALUES (42);
INSERT INTO attribute_tupel_tree (id) VALUES (43);
INSERT INTO attribute_tupel_tree (id) VALUES (44);
INSERT INTO attribute_tupel_tree (id) VALUES (45);
INSERT INTO attribute_tupel_tree (id) VALUES (46);
INSERT INTO attribute_tupel_tree (id) VALUES (47);
INSERT INTO attribute_tupel_tree (id) VALUES (48);
INSERT INTO attribute_tupel_tree (id) VALUES (49);
INSERT INTO attribute_tupel_tree (id) VALUES (50);
INSERT INTO attribute_tupel_tree (id) VALUES (51);
INSERT INTO attribute_tupel_tree (id) VALUES (52);
INSERT INTO attribute_tupel_tree (id) VALUES (53);
INSERT INTO attribute_tupel_tree (id) VALUES (54);
INSERT INTO attribute_tupel_tree (id) VALUES (55);
INSERT INTO attribute_tupel_tree (id) VALUES (56);
INSERT INTO attribute_tupel_tree (id) VALUES (57);
INSERT INTO attribute_tupel_tree (id) VALUES (58);
INSERT INTO attribute_tupel_tree (id) VALUES (59);
INSERT INTO attribute_tupel_tree (id) VALUES (60);
INSERT INTO attribute_tupel_tree (id) VALUES (61);
INSERT INTO attribute_tupel_tree (id) VALUES (62);
INSERT INTO attribute_tupel_tree (id) VALUES (63);

INSERT INTO attribute_tupel_tree (id) VALUES (64);
INSERT INTO attribute_tupel_tree (id) VALUES (65);
INSERT INTO attribute_tupel_tree (id) VALUES (66);
INSERT INTO attribute_tupel_tree (id) VALUES (67);
INSERT INTO attribute_tupel_tree (id) VALUES (68);
INSERT INTO attribute_tupel_tree (id) VALUES (69);
INSERT INTO attribute_tupel_tree (id) VALUES (70);
INSERT INTO attribute_tupel_tree (id) VALUES (71);

-- Dump image table
-- Trainings item images
INSERT INTO image (id, filename, image, filetype, uploadedAt) VALUES (1, 'image.jpg', LOAD_FILE('/Users/mac/Workspace/Masterarbeit/Aufenthalt/RS/src/main/resources/images/3.jpg'), 'image/jpg', NOW());
INSERT INTO image (id, filename, image, filetype, uploadedAt) VALUES (2, 'image.jpg', LOAD_FILE('/Users/mac/Workspace/Masterarbeit/Aufenthalt/RS/src/main/resources/images/4.jpg'), 'image/jpg', NOW());
INSERT INTO image (id, filename, image, filetype, uploadedAt) VALUES (3, 'image.jpg', LOAD_FILE('/Users/mac/Workspace/Masterarbeit/Aufenthalt/RS/src/main/resources/images/5.jpg'), 'image/jpg', NOW());
INSERT INTO image (id, filename, image, filetype, uploadedAt) VALUES (4, 'image.jpg', LOAD_FILE('/Users/mac/Workspace/Masterarbeit/Aufenthalt/RS/src/main/resources/images/6.jpg'), 'image/jpg', NOW());

-- Evaluation Item images
INSERT INTO image (id, filename, image, filetype,  uploadedAt) VALUES (5, 'image.jpg', LOAD_FILE('/Users/mac/Workspace/Masterarbeit/Aufenthalt/RS/src/main/resources/images/7.jpg'), 'image/jpg', NOW());
INSERT INTO image (id, filename, image, filetype,  uploadedAt) VALUES (6, 'image.jpg', LOAD_FILE('/Users/mac/Workspace/Masterarbeit/Aufenthalt/RS/src/main/resources/images/8.jpg'), 'image/jpg', NOW());
INSERT INTO image (id, filename, image, filetype,  uploadedAt) VALUES (7, 'image.jpg', LOAD_FILE('/Users/mac/Workspace/Masterarbeit/Aufenthalt/RS/src/main/resources/images/9.jpg'), 'image/jpg', NOW());
INSERT INTO image (id, filename, image, filetype,  uploadedAt) VALUES (8, 'image.jpg', LOAD_FILE('/Users/mac/Workspace/Masterarbeit/Aufenthalt/RS/src/main/resources/images/10.jpg'), 'image/jpg', NOW());
INSERT INTO image (id, filename, image, filetype,  uploadedAt) VALUES (9, 'image.jpg', LOAD_FILE('/Users/mac/Workspace/Masterarbeit/Aufenthalt/RS/src/main/resources/images/11.jpg'), 'image/jpg', NOW());
INSERT INTO image (id, filename, image, filetype,  uploadedAt) VALUES (10, 'image.jpg', LOAD_FILE('/Users/mac/Workspace/Masterarbeit/Aufenthalt/RS/src/main/resources/images/12.jpg'), 'image/jpg', NOW());
INSERT INTO image (id, filename, image, filetype,  uploadedAt) VALUES (11, 'image.jpg', LOAD_FILE('/Users/mac/Workspace/Masterarbeit/Aufenthalt/RS/src/main/resources/images/13.jpg'), 'image/jpg', NOW());
INSERT INTO image (id, filename, image, filetype,  uploadedAt) VALUES (12, 'image.jpg', LOAD_FILE('/Users/mac/Workspace/Masterarbeit/Aufenthalt/RS/src/main/resources/images/14.jpg'), 'image/jpg', NOW());
INSERT INTO image (id, filename, image, filetype,  uploadedAt) VALUES (13, 'image.jpg', LOAD_FILE('/Users/mac/Workspace/Masterarbeit/Aufenthalt/RS/src/main/resources/images/15.jpg'), 'image/jpg', NOW());
INSERT INTO image (id, filename, image, filetype,  uploadedAt) VALUES (14, 'image.jpg', LOAD_FILE('/Users/mac/Workspace/Masterarbeit/Aufenthalt/RS/src/main/resources/images/16.jpg'), 'image/jpg', NOW());
INSERT INTO image (id, filename, image, filetype,  uploadedAt) VALUES (15, 'image.jpg', LOAD_FILE('/Users/mac/Workspace/Masterarbeit/Aufenthalt/RS/src/main/resources/images/17.jpg'), 'image/jpg', NOW());
INSERT INTO image (id, filename, image, filetype,  uploadedAt) VALUES (16, 'image.jpg', LOAD_FILE('/Users/mac/Workspace/Masterarbeit/Aufenthalt/RS/src/main/resources/images/18.jpg'), 'image/jpg', NOW());
INSERT INTO image (id, filename, image, filetype,  uploadedAt) VALUES (17, 'image.jpg', LOAD_FILE('/Users/mac/Workspace/Masterarbeit/Aufenthalt/RS/src/main/resources/images/19.jpg'), 'image/jpg', NOW());
INSERT INTO image (id, filename, image, filetype,  uploadedAt) VALUES (18, 'image.jpg', LOAD_FILE('/Users/mac/Workspace/Masterarbeit/Aufenthalt/RS/src/main/resources/images/20.jpg'), 'image/jpg', NOW());
INSERT INTO image (id, filename, image, filetype,  uploadedAt) VALUES (19, 'image.jpg', LOAD_FILE('/Users/mac/Workspace/Masterarbeit/Aufenthalt/RS/src/main/resources/images/21.jpg'), 'image/jpg', NOW());
INSERT INTO image (id, filename, image, filetype,  uploadedAt) VALUES (20, 'image.jpg', LOAD_FILE('/Users/mac/Workspace/Masterarbeit/Aufenthalt/RS/src/main/resources/images/22.jpg'), 'image/jpg', NOW());
INSERT INTO image (id, filename, image, filetype,  uploadedAt) VALUES (21, 'image.jpg', LOAD_FILE('/Users/mac/Workspace/Masterarbeit/Aufenthalt/RS/src/main/resources/images/23.jpg'), 'image/jpg', NOW());
INSERT INTO image (id, filename, image, filetype,  uploadedAt) VALUES (22, 'image.jpg', LOAD_FILE('/Users/mac/Workspace/Masterarbeit/Aufenthalt/RS/src/main/resources/images/24.jpg'), 'image/jpg', NOW());
INSERT INTO image (id, filename, image, filetype,  uploadedAt) VALUES (23, 'image.jpg', LOAD_FILE('/Users/mac/Workspace/Masterarbeit/Aufenthalt/RS/src/main/resources/images/25.jpg'), 'image/jpg', NOW());
INSERT INTO image (id, filename, image, filetype,  uploadedAt) VALUES (24, 'image.jpg', LOAD_FILE('/Users/mac/Workspace/Masterarbeit/Aufenthalt/RS/src/main/resources/images/26.jpg'), 'image/jpg', NOW());
INSERT INTO image (id, filename, image, filetype,  uploadedAt) VALUES (25, 'image.jpg', LOAD_FILE('/Users/mac/Workspace/Masterarbeit/Aufenthalt/RS/src/main/resources/images/27.jpg'), 'image/jpg', NOW());
INSERT INTO image (id, filename, image, filetype,  uploadedAt) VALUES (26, 'image.jpg', LOAD_FILE('/Users/mac/Workspace/Masterarbeit/Aufenthalt/RS/src/main/resources/images/28.jpg'), 'image/jpg', NOW());
INSERT INTO image (id, filename, image, filetype,  uploadedAt) VALUES (27, 'image.jpg', LOAD_FILE('/Users/mac/Workspace/Masterarbeit/Aufenthalt/RS/src/main/resources/images/29.jpg'), 'image/jpg', NOW());
INSERT INTO image (id, filename, image, filetype,  uploadedAt) VALUES (28, 'image.jpg', LOAD_FILE('/Users/mac/Workspace/Masterarbeit/Aufenthalt/RS/src/main/resources/images/30.jpg'), 'image/jpg', NOW());
INSERT INTO image (id, filename, image, filetype,  uploadedAt) VALUES (29, 'image.jpg', LOAD_FILE('/Users/mac/Workspace/Masterarbeit/Aufenthalt/RS/src/main/resources/images/31.jpg'), 'image/jpg', NOW());
INSERT INTO image (id, filename, image, filetype,  uploadedAt) VALUES (30, 'image.jpg', LOAD_FILE('/Users/mac/Workspace/Masterarbeit/Aufenthalt/RS/src/main/resources/images/32.jpg'), 'image/jpg', NOW());
INSERT INTO image (id, filename, image, filetype,  uploadedAt) VALUES (31, 'image.jpg', LOAD_FILE('/Users/mac/Workspace/Masterarbeit/Aufenthalt/RS/src/main/resources/images/33.jpg'), 'image/jpg', NOW());
INSERT INTO image (id, filename, image, filetype,  uploadedAt) VALUES (32, 'image.jpg', LOAD_FILE('/Users/mac/Workspace/Masterarbeit/Aufenthalt/RS/src/main/resources/images/34.jpg'), 'image/jpg', NOW());
INSERT INTO image (id, filename, image, filetype,  uploadedAt) VALUES (33, 'image.jpg', LOAD_FILE('/Users/mac/Workspace/Masterarbeit/Aufenthalt/RS/src/main/resources/images/35.jpg'), 'image/jpg', NOW());
INSERT INTO image (id, filename, image, filetype,  uploadedAt) VALUES (34, 'image.jpg', LOAD_FILE('/Users/mac/Workspace/Masterarbeit/Aufenthalt/RS/src/main/resources/images/36.jpg'), 'image/jpg', NOW());
INSERT INTO image (id, filename, image, filetype,  uploadedAt) VALUES (35, 'image.jpg', LOAD_FILE('/Users/mac/Workspace/Masterarbeit/Aufenthalt/RS/src/main/resources/images/37.jpg'), 'image/jpg', NOW());
INSERT INTO image (id, filename, image, filetype,  uploadedAt) VALUES (36, 'image.jpg', LOAD_FILE('/Users/mac/Workspace/Masterarbeit/Aufenthalt/RS/src/main/resources/images/38.jpg'), 'image/jpg', NOW());
INSERT INTO image (id, filename, image, filetype,  uploadedAt) VALUES (37, 'image.jpg', LOAD_FILE('/Users/mac/Workspace/Masterarbeit/Aufenthalt/RS/src/main/resources/images/39.jpg'), 'image/jpg', NOW());
INSERT INTO image (id, filename, image, filetype,  uploadedAt) VALUES (38, 'image.jpg', LOAD_FILE('/Users/mac/Workspace/Masterarbeit/Aufenthalt/RS/src/main/resources/images/40.jpg'), 'image/jpg', NOW());
INSERT INTO image (id, filename, image, filetype,  uploadedAt) VALUES (39, 'image.jpg', LOAD_FILE('/Users/mac/Workspace/Masterarbeit/Aufenthalt/RS/src/main/resources/images/41.jpg'), 'image/jpg', NOW());
INSERT INTO image (id, filename, image, filetype,  uploadedAt) VALUES (40, 'image.jpg', LOAD_FILE('/Users/mac/Workspace/Masterarbeit/Aufenthalt/RS/src/main/resources/images/42.jpg'), 'image/jpg', NOW());
INSERT INTO image (id, filename, image, filetype,  uploadedAt) VALUES (41, 'image.jpg', LOAD_FILE('/Users/mac/Workspace/Masterarbeit/Aufenthalt/RS/src/main/resources/images/43.jpg'), 'image/jpg', NOW());
INSERT INTO image (id, filename, image, filetype,  uploadedAt) VALUES (42, 'image.jpg', LOAD_FILE('/Users/mac/Workspace/Masterarbeit/Aufenthalt/RS/src/main/resources/images/44.jpg'), 'image/jpg', NOW());
INSERT INTO image (id, filename, image, filetype,  uploadedAt) VALUES (43, 'image.jpg', LOAD_FILE('/Users/mac/Workspace/Masterarbeit/Aufenthalt/RS/src/main/resources/images/45.jpg'), 'image/jpg', NOW());
INSERT INTO image (id, filename, image, filetype,  uploadedAt) VALUES (44, 'image.jpg', LOAD_FILE('/Users/mac/Workspace/Masterarbeit/Aufenthalt/RS/src/main/resources/images/46.jpg'), 'image/jpg', NOW());
INSERT INTO image (id, filename, image, filetype,  uploadedAt) VALUES (45, 'image.jpg', LOAD_FILE('/Users/mac/Workspace/Masterarbeit/Aufenthalt/RS/src/main/resources/images/47.jpg'), 'image/jpg', NOW());
INSERT INTO image (id, filename, image, filetype,  uploadedAt) VALUES (46, 'image.jpg', LOAD_FILE('/Users/mac/Workspace/Masterarbeit/Aufenthalt/RS/src/main/resources/images/48.jpg'), 'image/jpg', NOW());
INSERT INTO image (id, filename, image, filetype,  uploadedAt) VALUES (47, 'image.jpg', LOAD_FILE('/Users/mac/Workspace/Masterarbeit/Aufenthalt/RS/src/main/resources/images/49.jpg'), 'image/jpg', NOW());
INSERT INTO image (id, filename, image, filetype,  uploadedAt) VALUES (48, 'image.jpg', LOAD_FILE('/Users/mac/Workspace/Masterarbeit/Aufenthalt/RS/src/main/resources/images/50.jpg'), 'image/jpg', NOW());
INSERT INTO image (id, filename, image, filetype,  uploadedAt) VALUES (49, 'image.jpg', LOAD_FILE('/Users/mac/Workspace/Masterarbeit/Aufenthalt/RS/src/main/resources/images/51.jpg'), 'image/jpg', NOW());
INSERT INTO image (id, filename, image, filetype,  uploadedAt) VALUES (50, 'image.jpg', LOAD_FILE('/Users/mac/Workspace/Masterarbeit/Aufenthalt/RS/src/main/resources/images/52.jpg'), 'image/jpg', NOW());
INSERT INTO image (id, filename, image, filetype,  uploadedAt) VALUES (66, 'image.jpg', LOAD_FILE('/Users/mac/Workspace/Masterarbeit/Aufenthalt/RS/src/main/resources/images/72.jpg'), 'image/jpg', NOW());
INSERT INTO image (id, filename, image, filetype,  uploadedAt) VALUES (67, 'image.jpg', LOAD_FILE('/Users/mac/Workspace/Masterarbeit/Aufenthalt/RS/src/main/resources/images/63.jpg'), 'image/jpg', NOW());

-- Attribute images
INSERT INTO image (id, filename, image, filetype,  uploadedAt) VALUES (51, 'image.png', LOAD_FILE('/Users/mac/Workspace/Masterarbeit/Aufenthalt/RS/src/main/resources/icons/coffee-cup.png'), 'image/png', NOW());
INSERT INTO image (id, filename, image, filetype,  uploadedAt) VALUES (52, 'image.png', LOAD_FILE('/Users/mac/Workspace/Masterarbeit/Aufenthalt/RS/src/main/resources/icons/icons8-Wifi Filled-50.png'), 'image/png', NOW());
INSERT INTO image (id, filename, image, filetype,  uploadedAt) VALUES (53, 'image.png', LOAD_FILE('/Users/mac/Workspace/Masterarbeit/Aufenthalt/RS/src/main/resources/icons/icons8-Restaurant-50.png'), 'image/png', NOW());
INSERT INTO image (id, filename, image, filetype,  uploadedAt) VALUES (54, 'image.png', LOAD_FILE('/Users/mac/Workspace/Masterarbeit/Aufenthalt/RS/src/main/resources/icons/icons8-Pizza-50.png.png'), 'image/png', NOW());
INSERT INTO image (id, filename, image, filetype,  uploadedAt) VALUES (55, 'image.png', LOAD_FILE('/Users/mac/Workspace/Masterarbeit/Aufenthalt/RS/src/main/resources/icons/icons8-Hamburger-50.png.png'), 'image/png', NOW());
INSERT INTO image (id, filename, image, filetype,  uploadedAt) VALUES (56, 'image.png', LOAD_FILE('/Users/mac/Workspace/Masterarbeit/Aufenthalt/RS/src/main/resources/icons/icons8-Fish Food-50.png.png'), 'image/png', NOW());
INSERT INTO image (id, filename, image, filetype,  uploadedAt) VALUES (57, 'image.png', LOAD_FILE('/Users/mac/Workspace/Masterarbeit/Aufenthalt/RS/src/main/resources/icons/icons8-Restaurant-Table-50.png'), 'image/png', NOW());

INSERT INTO image (id, filename, image, filetype,  uploadedAt) VALUES (68, 'image.png', LOAD_FILE('/Users/mac/Workspace/Masterarbeit/Aufenthalt/RS/src/main/resources/icons/icons8-Coins-50.png'), 'image/png', NOW());
INSERT INTO image (id, filename, image, filetype,  uploadedAt) VALUES (69, 'image.png', LOAD_FILE('/Users/mac/Workspace/Masterarbeit/Aufenthalt/RS/src/main/resources/icons/icons8-Shopping Cart-50.png'), 'image/png', NOW());
INSERT INTO image (id, filename, image, filetype,  uploadedAt) VALUES (70, 'image.png', LOAD_FILE('/Users/mac/Workspace/Masterarbeit/Aufenthalt/RS/src/main/resources/icons/icons8-Traveler-50.png'), 'image/png', NOW());
INSERT INTO image (id, filename, image, filetype,  uploadedAt) VALUES (71, 'finish-flag.png', LOAD_FILE('/Users/mac/Workspace/Masterarbeit/Aufenthalt/RS/src/main/resources/icons/icons8-finish-flag.png'), 'image/png', NOW());
INSERT INTO image (id, filename, image, filetype,  uploadedAt) VALUES (72, 'post.png', LOAD_FILE('/Users/mac/Workspace/Masterarbeit/Aufenthalt/RS/src/main/resources/icons/icons8-new-post.png'), 'image/png', NOW());
INSERT INTO image (id, filename, image, filetype,  uploadedAt) VALUES (73, 'vending-machine.png', LOAD_FILE('/Users/mac/Workspace/Masterarbeit/Aufenthalt/RS/src/main/resources/icons/icons8-vending-machine.png'), 'image/png', NOW());

-- Trainings-Items
INSERT INTO image (id, filename, image, filetype,  uploadedAt) VALUES (58, 'image.jpg', LOAD_FILE('/Users/mac/Workspace/Masterarbeit/Aufenthalt/RS/src/main/resources/images/ti-cafe.jpg'), 'image/jpg', NOW());
INSERT INTO image (id, filename, image, filetype,  uploadedAt) VALUES (59, 'image.jpg', LOAD_FILE('/Users/mac/Workspace/Masterarbeit/Aufenthalt/RS/src/main/resources/images/ti-imbiss.jpg'), 'image/jpg', NOW());
INSERT INTO image (id, filename, image, filetype,  uploadedAt) VALUES (60, 'image.jpg', LOAD_FILE('/Users/mac/Workspace/Masterarbeit/Aufenthalt/RS/src/main/resources/images/ti-restaurant.jpg'), 'image/jpg', NOW());
INSERT INTO image (id, filename, image, filetype,  uploadedAt) VALUES (61, 'image.jpg', LOAD_FILE('/Users/mac/Workspace/Masterarbeit/Aufenthalt/RS/src/main/resources/images/ti-kiosk.jpg'), 'image/jpg', NOW());
INSERT INTO image (id, filename, image, filetype,  uploadedAt) VALUES (62, 'image.jpg', LOAD_FILE('/Users/mac/Workspace/Masterarbeit/Aufenthalt/RS/src/main/resources/images/ti-clothes.jpg'), 'image/jpg', NOW());
INSERT INTO image (id, filename, image, filetype,  uploadedAt) VALUES (63, 'image.jpg', LOAD_FILE('/Users/mac/Workspace/Masterarbeit/Aufenthalt/RS/src/main/resources/images/ti-elektronik.jpg'), 'image/jpg', NOW());
INSERT INTO image (id, filename, image, filetype,  uploadedAt) VALUES (64, 'image.jpg', LOAD_FILE('/Users/mac/Workspace/Masterarbeit/Aufenthalt/RS/src/main/resources/images/ti-zeitschriften.jpg'), 'image/jpg', NOW());
INSERT INTO image (id, filename, image, filetype,  uploadedAt) VALUES (65, 'image.jpg', LOAD_FILE('/Users/mac/Workspace/Masterarbeit/Aufenthalt/RS/src/main/resources/images/ti-kosmetik.jpg'), 'image/jpg', NOW());


-- Dump into item table
INSERT INTO item (id, name, dateOfLastUpdate, dateOfRegistration, hasOutdoorArea, hasSockets, hasWifi, isOutdoor, isProductivityItem, isTrainingItem, description, idgeoposition, idimage) VALUES (3, 'Starbucks Coffee', NOW(), NOW(), false, false, false, false, false, false, 'Café, in dem es eine große Vielfalt verschiedener Kaffesorten gibt.', 1, 1);
INSERT INTO item (id, name, dateOfLastUpdate, dateOfRegistration, hasOutdoorArea, hasSockets, hasWifi, isOutdoor, isProductivityItem, isTrainingItem, description, idgeoposition, idimage) VALUES (4, 'Nordsee', NOW(), NOW(), false, false, false, false, false, false, 'Fischrestaurant mit großem Angebot an frischen Speisen.', 2, 2);
INSERT INTO item (id, name, dateOfLastUpdate, dateOfRegistration, hasOutdoorArea, hasSockets, hasWifi, isOutdoor, isProductivityItem, isTrainingItem, description, idgeoposition, idimage) VALUES (5, 'Burger King', NOW(), NOW(), false, false, false, false, false, false, 'Amerkanisches FastFood Restaurant mit auch vegetarischem Angebot.', 3, 3);
INSERT INTO item (id, name, dateOfLastUpdate, dateOfRegistration, hasOutdoorArea, hasSockets, hasWifi, isOutdoor, isProductivityItem, isTrainingItem, description, idgeoposition, idimage) VALUES (6, 'Subway', NOW(), NOW(), false, false, false, false, false, false, 'Baguette-Restaurant', 4, 4);
INSERT INTO item (id, name, dateOfLastUpdate, dateOfRegistration, hasOutdoorArea, hasSockets, hasWifi, isOutdoor, isProductivityItem, isTrainingItem, description, idgeoposition, idimage) VALUES (7, 'six', NOW(), NOW(), false, false, false, false, false, false, 'Geschäft für Schmuck und Accessoires.', 2, 5);
INSERT INTO item (id, name, dateOfLastUpdate, dateOfRegistration, hasOutdoorArea, hasSockets, hasWifi, isOutdoor, isProductivityItem, isTrainingItem, description, idgeoposition, idimage) VALUES (8, 'Bijou Brigitte', NOW(), NOW(), false, false, false, false, false, false, 'Ohrringe, Armbreife und andere Accessoires sind hier erhältlich.', 3, 6);
INSERT INTO item (id, name, dateOfLastUpdate, dateOfRegistration, hasOutdoorArea, hasSockets, hasWifi, isOutdoor, isProductivityItem, isTrainingItem, description, idgeoposition, idimage) VALUES (9, 'Mc Donalds', NOW(), NOW(), false, false, false, false, false, false, 'Amerkanisches FastFood Restaurant, in dem es sowohl Burger als auch vegetarisches Essen gibt.', 4, 7);
INSERT INTO item (id, name, dateOfLastUpdate, dateOfRegistration, hasOutdoorArea, hasSockets, hasWifi, isOutdoor, isProductivityItem, isTrainingItem, description, idgeoposition, idimage) VALUES (10, 'Gosch Sylt', NOW(), NOW(), false, false, false, false, false, false, 'Fischrestaurant mit frischen und vielfältigen Angeboten. Alle Speisen auch zum Mitnehmen.', 5, 8);
INSERT INTO item (id, name, dateOfLastUpdate, dateOfRegistration, hasOutdoorArea, hasSockets, hasWifi, isOutdoor, isProductivityItem, isTrainingItem, description, idgeoposition, idimage) VALUES (11, 'Mr. Clou', NOW(), NOW(), false, false, false, false, false, false, 'Gesunde Smoothies zum Mitnehmen werden hier frisch für Sie zubereitet.', 6, 9);
INSERT INTO item (id, name, dateOfLastUpdate, dateOfRegistration, hasOutdoorArea, hasSockets, hasWifi, isOutdoor, isProductivityItem, isTrainingItem, description, idgeoposition, idimage) VALUES (12, 'engbers', NOW(), NOW(), false, false, false, false, false, false, 'Kleidung für sie und ihn.', 7, 10);
INSERT INTO item (id, name, dateOfLastUpdate, dateOfRegistration, hasOutdoorArea, hasSockets, hasWifi, isOutdoor, isProductivityItem, isTrainingItem, description, idgeoposition, idimage) VALUES (13, 'görtz', NOW(), NOW(), false, false, false, false, false, false, 'görtz bietet ein breites Sortient an Schuhen an.', 8, 11);
INSERT INTO item (id, name, dateOfLastUpdate, dateOfRegistration, hasOutdoorArea, hasSockets, hasWifi, isOutdoor, isProductivityItem, isTrainingItem, description, idgeoposition, idimage) VALUES (14, 'Swarovski', NOW(), NOW(), false, false, false, false, false, false, 'Modischer Schmuck aus dem Hause Swarovski.', 9, 12);
INSERT INTO item (id, name, dateOfLastUpdate, dateOfRegistration, hasOutdoorArea, hasSockets, hasWifi, isOutdoor, isProductivityItem, isTrainingItem, description, idgeoposition, idimage) VALUES (15, 'dm', NOW(), NOW(), false, false, false, false, false, false, 'Bei dm sind Drogerie- und Hygieneartikel sowie Reformartikel erhältlich.', 10, 13);
INSERT INTO item (id, name, dateOfLastUpdate, dateOfRegistration, hasOutdoorArea, hasSockets, hasWifi, isOutdoor, isProductivityItem, isTrainingItem, description, idgeoposition, idimage) VALUES (16, 'Asia Gourmet', NOW(), NOW(), false, false, false, false, false, false, 'Asiatisches Restaurant mit Sitzplätzen. Alle Essen auch als Take-Away.', 11, 14);
INSERT INTO item (id, name, dateOfLastUpdate, dateOfRegistration, hasOutdoorArea, hasSockets, hasWifi, isOutdoor, isProductivityItem, isTrainingItem, description, idgeoposition, idimage) VALUES (17, 'Hunkemöller', NOW(), NOW(), false, false, false, false, false, false, 'Dessous für sie.', 12, 15);
INSERT INTO item (id, name, dateOfLastUpdate, dateOfRegistration, hasOutdoorArea, hasSockets, hasWifi, isOutdoor, isProductivityItem, isTrainingItem, description, idgeoposition, idimage) VALUES (18, 'Dean & David', NOW(), NOW(), false, false, false, false, false, false, 'Bio-Supermarkt mit Stehkaffee.', 13, 16);
INSERT INTO item (id, name, dateOfLastUpdate, dateOfRegistration, hasOutdoorArea, hasSockets, hasWifi, isOutdoor, isProductivityItem, isTrainingItem, description, idgeoposition, idimage) VALUES (19, 'Currywurst Express', NOW(), NOW(), false, false, false, false, false, false, 'Die original Currywurst zum Mitnehmen.', 14, 17);
INSERT INTO item (id, name, dateOfLastUpdate, dateOfRegistration, hasOutdoorArea, hasSockets, hasWifi, isOutdoor, isProductivityItem, isTrainingItem, description, idgeoposition, idimage) VALUES (20, 'Spar', NOW(), NOW(), false, false, false, false, false, false, 'Kleiner Supermarkt mit kühlen Getränken und Snacks im Angebot.', 15, 18);
INSERT INTO item (id, name, dateOfLastUpdate, dateOfRegistration, hasOutdoorArea, hasSockets, hasWifi, isOutdoor, isProductivityItem, isTrainingItem, description, idgeoposition, idimage) VALUES (21, 'Rossmann', NOW(), NOW(), false, false, false, false, false, false, 'Rossmann bietet Drogerie- und Hygieneartikel sowie Reformartikel und Kosmetikproukte an.', 16, 19);
INSERT INTO item (id, name, dateOfLastUpdate, dateOfRegistration, hasOutdoorArea, hasSockets, hasWifi, isOutdoor, isProductivityItem, isTrainingItem, description, idgeoposition, idimage) VALUES (22, 'Schuhmaxx', NOW(), NOW(), false, false, false, false, false, false, 'Schuhe shoppen zum kleinen Preis.', 17, 20);
INSERT INTO item (id, name, dateOfLastUpdate, dateOfRegistration, hasOutdoorArea, hasSockets, hasWifi, isOutdoor, isProductivityItem, isTrainingItem, description, idgeoposition, idimage) VALUES (23, 'Einstein Kaffee', NOW(), NOW(), false, false, false, false, false, false, 'Gemütliches Café mit Sitzplätzen und einem großen Kaffee-Sortiment. Alle Produkte auch zum Mitnehmen.', 18, 21);
INSERT INTO item (id, name, dateOfLastUpdate, dateOfRegistration, hasOutdoorArea, hasSockets, hasWifi, isOutdoor, isProductivityItem, isTrainingItem, description, idgeoposition, idimage) VALUES (24, 'Wolsdorff', NOW(), NOW(), false, false, false, false, false, false, 'Wolsdorff bietet vielerelei Tabakwaren und Spiritousen an.', 19, 22);
INSERT INTO item (id, name, dateOfLastUpdate, dateOfRegistration, hasOutdoorArea, hasSockets, hasWifi, isOutdoor, isProductivityItem, isTrainingItem, description, idgeoposition, idimage) VALUES (25, 'Coffee Fellows', NOW(), NOW(), false, false, false, false, false, false, 'Gemütliches Café mit Sitzplätzen. Alle Artikel auch zum Mitnehmen.', 20, 23);
INSERT INTO item (id, name, dateOfLastUpdate, dateOfRegistration, hasOutdoorArea, hasSockets, hasWifi, isOutdoor, isProductivityItem, isTrainingItem, description, idgeoposition, idimage) VALUES (26, 'Zanetti', NOW(), NOW(), false, false, false, false, false, false, 'Hier gibt es ein Beio-Eis zum Mitnehmen.', 21, 24);
INSERT INTO item (id, name, dateOfLastUpdate, dateOfRegistration, hasOutdoorArea, hasSockets, hasWifi, isOutdoor, isProductivityItem, isTrainingItem, description, idgeoposition, idimage) VALUES (27, 'Dominos', NOW(), NOW(), false, false, false, false, false, false, 'Dominos bietet Pizza-Stücke und ganzen Pizzen zum Mitnehmen an.', 22, 25);
INSERT INTO item (id, name, dateOfLastUpdate, dateOfRegistration, hasOutdoorArea, hasSockets, hasWifi, isOutdoor, isProductivityItem, isTrainingItem, description, idgeoposition, idimage) VALUES (28, 'tegut', NOW(), NOW(), false, false, false, false, false, false, 'Lebensmittelsupermarkt mit vielen Bio-Produkten.', 23, 26);
INSERT INTO item (id, name, dateOfLastUpdate, dateOfRegistration, hasOutdoorArea, hasSockets, hasWifi, isOutdoor, isProductivityItem, isTrainingItem, description, idgeoposition, idimage) VALUES (29, 'Brezina', NOW(), NOW(), false, false, false, false, false, false, 'Hier gibt es verschiedene Zeitschriften und Tabakwaren.', 24, 27);
INSERT INTO item (id, name, dateOfLastUpdate, dateOfRegistration, hasOutdoorArea, hasSockets, hasWifi, isOutdoor, isProductivityItem, isTrainingItem, description, idgeoposition, idimage) VALUES (30, 'Asia Hung', NOW(), NOW(), false, false, false, false, false, false, 'Asiatisches Essen zum Mitnehmen oder vorort essen.', 25, 28);
INSERT INTO item (id, name, dateOfLastUpdate, dateOfRegistration, hasOutdoorArea, hasSockets, hasWifi, isOutdoor, isProductivityItem, isTrainingItem, description, idgeoposition, idimage) VALUES (31, '24', NOW(), NOW(), false, false, false, false, false, false, 'Kneipe mit Spielautomaten und einem Raucherbereich.', 26, 29);
INSERT INTO item (id, name, dateOfLastUpdate, dateOfRegistration, hasOutdoorArea, hasSockets, hasWifi, isOutdoor, isProductivityItem, isTrainingItem, description, idgeoposition, idimage) VALUES (32, 'Herz-Dame', NOW(), NOW(), false, false, false, false, false, false, 'Kneipe mit Spielautomaten und einem Raucherbereich.', 27, 30);
INSERT INTO item (id, name, dateOfLastUpdate, dateOfRegistration, hasOutdoorArea, hasSockets, hasWifi, isOutdoor, isProductivityItem, isTrainingItem, description, idgeoposition, idimage) VALUES (33, 'Saturn', NOW(), NOW(), false, false, false, false, false, false, 'Elektronikhändler mit einer kleinen Niederlassung im Bahnhof.', 28, 31);
INSERT INTO item (id, name, dateOfLastUpdate, dateOfRegistration, hasOutdoorArea, hasSockets, hasWifi, isOutdoor, isProductivityItem, isTrainingItem, description, idgeoposition, idimage) VALUES (34, 'Media Markt', NOW(), NOW(), false, false, false, false, false, false, 'Elektronikhändler mit einer kleinen Niederlassung im Bahnhof.', 29, 32);
INSERT INTO item (id, name, dateOfLastUpdate, dateOfRegistration, hasOutdoorArea, hasSockets, hasWifi, isOutdoor, isProductivityItem, isTrainingItem, description, idgeoposition, idimage) VALUES (35, 'Ronnys Kiosk', NOW(), NOW(), false, false, false, false, false, false, 'Kleingkeiten zum Mitnehmen können bei Ronnys Kiosk besorgt werden. Das Angebot reich von Getränken bis Snacks.', 30, 33);
INSERT INTO item (id, name, dateOfLastUpdate, dateOfRegistration, hasOutdoorArea, hasSockets, hasWifi, isOutdoor, isProductivityItem, isTrainingItem, description, idgeoposition, idimage) VALUES (36, 'Fleurop', NOW(), NOW(), false, false, false, false, false, false, 'Blumensträuße gibt es hier zu kaufen.', 31, 34);
INSERT INTO item (id, name, dateOfLastUpdate, dateOfRegistration, hasOutdoorArea, hasSockets, hasWifi, isOutdoor, isProductivityItem, isTrainingItem, description, idgeoposition, idimage) VALUES (37, 'Gleis 1', NOW(), NOW(), false, false, false, false, false, false, 'Raucherbar mit Spielautomaten', 32, 35);
INSERT INTO item (id, name, dateOfLastUpdate, dateOfRegistration, hasOutdoorArea, hasSockets, hasWifi, isOutdoor, isProductivityItem, isTrainingItem, description, idgeoposition, idimage) VALUES (38, 'Der Dicke Bernd', NOW(), NOW(), false, false, false, false, false, false, 'Demütliches Restaurannt mit deutscher Hausmannskost.', 33, 36);
INSERT INTO item (id, name, dateOfLastUpdate, dateOfRegistration, hasOutdoorArea, hasSockets, hasWifi, isOutdoor, isProductivityItem, isTrainingItem, description, idgeoposition, idimage) VALUES (39, 'Müller', NOW(), NOW(), false, false, false, false, false, false, 'Drogerie-Markt mit Elektronik-Abteilung und Spielwaren.', 34, 37);
INSERT INTO item (id, name, dateOfLastUpdate, dateOfRegistration, hasOutdoorArea, hasSockets, hasWifi, isOutdoor, isProductivityItem, isTrainingItem, description, idgeoposition, idimage) VALUES (40, 'Da Giovanni', NOW(), NOW(), false, false, false, false, false, false, 'Italienisches Restaurant mit einer großen Awahl verschiedener Pizzen. Alle Speisen auch zum Mitnehmen.', 35, 38);
INSERT INTO item (id, name, dateOfLastUpdate, dateOfRegistration, hasOutdoorArea, hasSockets, hasWifi, isOutdoor, isProductivityItem, isTrainingItem, description, idgeoposition, idimage) VALUES (41, 'Shinzu', NOW(), NOW(), false, false, false, false, false, false, 'Shinzu bietet verschieden Sushi-Rollen an, die frisch zubereitet werden. Alle Speisen auch zum Mitnehmen.', 36, 39);
INSERT INTO item (id, name, dateOfLastUpdate, dateOfRegistration, hasOutdoorArea, hasSockets, hasWifi, isOutdoor, isProductivityItem, isTrainingItem, description, idgeoposition, idimage) VALUES (42, 'Ching-Chang', NOW(), NOW(), false, false, false, false, false, false, 'Chinesisches Restaurant mit einer Vielzahl von Nudelgerichten.', 37, 40);
INSERT INTO item (id, name, dateOfLastUpdate, dateOfRegistration, hasOutdoorArea, hasSockets, hasWifi, isOutdoor, isProductivityItem, isTrainingItem, description, idgeoposition, idimage) VALUES (43, 'Apel', NOW(), NOW(), false, false, false, false, false, false, 'Bäckerei, in der es sowohl Kaffee als auch verschiedene belegte Brötchen gibt.' , 38, 41);
INSERT INTO item (id, name, dateOfLastUpdate, dateOfRegistration, hasOutdoorArea, hasSockets, hasWifi, isOutdoor, isProductivityItem, isTrainingItem, description, idgeoposition, idimage) VALUES (44, 'Ditsch', NOW(), NOW(), false, false, false, false, false, false, 'Bäckerei, in der es sowohl Kaffee als auch verschiedene belegte Brötchen gibt.', 39, 42);
INSERT INTO item (id, name, dateOfLastUpdate, dateOfRegistration, hasOutdoorArea, hasSockets, hasWifi, isOutdoor, isProductivityItem, isTrainingItem, description, idgeoposition, idimage) VALUES (45, 'RELAY', NOW(), NOW(), false, false, false, false, false, false, 'Zeitschriften und Bücher sind hier zu kaufen.', 40, 43);
INSERT INTO item (id, name, dateOfLastUpdate, dateOfRegistration, hasOutdoorArea, hasSockets, hasWifi, isOutdoor, isProductivityItem, isTrainingItem, description, idgeoposition, idimage) VALUES (46, 'Denns Biomarkt', NOW(), NOW(), false, false, false, false, false, false, 'Preiswerter Biosupermarkt mit einem Steh-Café.', 41, 44);
INSERT INTO item (id, name, dateOfLastUpdate, dateOfRegistration, hasOutdoorArea, hasSockets, hasWifi, isOutdoor, isProductivityItem, isTrainingItem, description, idgeoposition, idimage) VALUES (47, 'Douglas', NOW(), NOW(), false, false, false, false, false, false, 'Douglas bietet verschiedene Kosmetikartikel und Parfumes für jung und alt.', 42, 45);
INSERT INTO item (id, name, dateOfLastUpdate, dateOfRegistration, hasOutdoorArea, hasSockets, hasWifi, isOutdoor, isProductivityItem, isTrainingItem, description, idgeoposition, idimage) VALUES (48, 'Woolworth', NOW(), NOW(), false, false, false, false, false, false, 'Woolworth bietet ein vielseitiges Kleidungs-Sortiment an.', 43, 46);
INSERT INTO item (id, name, dateOfLastUpdate, dateOfRegistration, hasOutdoorArea, hasSockets, hasWifi, isOutdoor, isProductivityItem, isTrainingItem, description, idgeoposition, idimage) VALUES (49, 'Le Crobag', NOW(), NOW(), false, false, false, false, false, false, 'Bäckerei, in der es sowohl Kaffee als auch verschiedene belegte Brötchen gibt.', 44, 47);
INSERT INTO item (id, name, dateOfLastUpdate, dateOfRegistration, hasOutdoorArea, hasSockets, hasWifi, isOutdoor, isProductivityItem, isTrainingItem, description, idgeoposition, idimage) VALUES (63, 'TK Maxx', NOW(), NOW(), false, false, false, false, false, false, 'Kleidungs-Discounter mit einer Vielzahl verschiedener Outlet-Klamotten.', 43, 67);
INSERT INTO item (id, name, dateOfLastUpdate, dateOfRegistration, hasOutdoorArea, hasSockets, hasWifi, isOutdoor, isProductivityItem, isTrainingItem, description, idgeoposition, idimage) VALUES (72, 'Weltbild', NOW(), NOW(), false, false, false, false, false, false, 'Händler für Zeitschriften und Bücher.', 43, 66);

-- Productivity Items
INSERT INTO item (id, name, dateOfLastUpdate, dateOfRegistration, hasOutdoorArea, hasSockets, hasWifi, isOutdoor, isProductivityItem, isTrainingItem, idgeoposition) VALUES (50, 'EC Automat', NOW(), NOW(), false, false, false, false, true, false, 46);
INSERT INTO item (id, name, dateOfLastUpdate, dateOfRegistration, hasOutdoorArea, hasSockets, hasWifi, isOutdoor, isProductivityItem, isTrainingItem, idgeoposition) VALUES (51, 'Dusche', NOW(), NOW(), false, false, false, false, true, false, 47);
INSERT INTO item (id, name, dateOfLastUpdate, dateOfRegistration, hasOutdoorArea, hasSockets, hasWifi, isOutdoor, isProductivityItem, isTrainingItem, idgeoposition) VALUES (52, 'Toilette', NOW(), NOW(), false, false, false, false, true, false, 48);
INSERT INTO item (id, name, dateOfLastUpdate, dateOfRegistration, hasOutdoorArea, hasSockets, hasWifi, isOutdoor, isProductivityItem, isTrainingItem, idgeoposition) VALUES (53, 'Informationsschalter', NOW(), NOW(), false, false, false, false, true, false, 49);
INSERT INTO item (id, name, dateOfLastUpdate, dateOfRegistration, hasOutdoorArea, hasSockets, hasWifi, isOutdoor, isProductivityItem, isTrainingItem, idgeoposition) VALUES (54, 'Snackautomat', NOW(), NOW(), false, false, false, false, true, false, 50);
INSERT INTO item (id, name, dateOfLastUpdate, dateOfRegistration, hasOutdoorArea, hasSockets, hasWifi, isOutdoor, isProductivityItem, isTrainingItem, idgeoposition) VALUES (55, 'Snackautomat', NOW(), NOW(), false, false, false, false, true, false, 51);
INSERT INTO item (id, name, dateOfLastUpdate, dateOfRegistration, hasOutdoorArea, hasSockets, hasWifi, isOutdoor, isProductivityItem, isTrainingItem, idgeoposition) VALUES (56, 'Snackautomat', NOW(), NOW(), false, false, false, false, true, false, 52);
INSERT INTO item (id, name, dateOfLastUpdate, dateOfRegistration, hasOutdoorArea, hasSockets, hasWifi, isOutdoor, isProductivityItem, isTrainingItem, idgeoposition) VALUES (57, 'Briefkasten', NOW(), NOW(), false, false, false, false, true, false, 53);
INSERT INTO item (id, name, dateOfLastUpdate, dateOfRegistration, hasOutdoorArea, hasSockets, hasWifi, isOutdoor, isProductivityItem, isTrainingItem, idgeoposition) VALUES (58, 'Briefkasten', NOW(), NOW(), false, false, false, false, true, false, 54);
INSERT INTO item (id, name, dateOfLastUpdate, dateOfRegistration, hasOutdoorArea, hasSockets, hasWifi, isOutdoor, isProductivityItem, isTrainingItem, idgeoposition) VALUES (59, 'Briefkasten', NOW(), NOW(), false, false, false, false, true, false, 55);
INSERT INTO item (id, name, dateOfLastUpdate, dateOfRegistration, hasOutdoorArea, hasSockets, hasWifi, isOutdoor, isProductivityItem, isTrainingItem, idgeoposition) VALUES (60, 'EC Automat', NOW(), NOW(), false, false, false, false, true, false, 56);
INSERT INTO item (id, name, dateOfLastUpdate, dateOfRegistration, hasOutdoorArea, hasSockets, hasWifi, isOutdoor, isProductivityItem, isTrainingItem, idgeoposition) VALUES (61, 'EC Automat', NOW(), NOW(), false, false, false, false, true, false, 57);
INSERT INTO item (id, name, dateOfLastUpdate, dateOfRegistration, hasOutdoorArea, hasSockets, hasWifi, isOutdoor, isProductivityItem, isTrainingItem, idgeoposition) VALUES (62, 'Snackautomat', NOW(), NOW(), false, false, false, false, true, false, 58);

-- Trainings-Items
INSERT INTO item (id, name, dateOfLastUpdate, dateOfRegistration, hasOutdoorArea, hasSockets, hasWifi, isOutdoor, isProductivityItem, isTrainingItem, description, idimage) VALUES (64, 'Café', NOW(), NOW(), false, false, false, false, false, true, 'Bewirtungsstätten mit Verkauf von Speisen, insbesondere von Konditoreierzeugnissen und sonstigen kalten Speisen, im allgemeinen zum Verzehr an Ort und Stelle, sowie damit verbundenem Verkauf von Getränken, unter Umständen auch mit begleitendem Unterhaltungsprogramm.', 58);
INSERT INTO item (id, name, dateOfLastUpdate, dateOfRegistration, hasOutdoorArea, hasSockets, hasWifi, isOutdoor, isProductivityItem, isTrainingItem, description, idimage) VALUES (65, 'Imbiss', NOW(), NOW(), false, false, false, false, false, true, 'Bewirtungsstätten, die keine oder wenig Sitzgelegenheiten aufweisen und von denen ein eng begrenztes Sortiment von Speisen mit und ohne Ausschank von Getränken zum Verzehr an Ort und Stelle oder zum Mitnehmen abgegeben wird, z.B. Würstchenstände.', 59);
INSERT INTO item (id, name, dateOfLastUpdate, dateOfRegistration, hasOutdoorArea, hasSockets, hasWifi, isOutdoor, isProductivityItem, isTrainingItem, description, idimage) VALUES (66, 'Restaurant', NOW(), NOW(), false, false, false, false, false, true, 'Bewirtungsstätten mit Verkauf von Speisen, im allgemeinen zum Verzehr an Ort und Stelle, sowie damit verbundenem Verkauf von Getränken, unter Umständen auch mit begleitendem Unterhaltungsprogramm. Restaurants, auch als Speisewagenbetriebe, gibt es mit herkömmlicher und mit Selbstbedienung.', 60);
INSERT INTO item (id, name, dateOfLastUpdate, dateOfRegistration, hasOutdoorArea, hasSockets, hasWifi, isOutdoor, isProductivityItem, isTrainingItem, description, idimage) VALUES (67, 'Kiosk', NOW(), NOW(), false, false, false, false, false, true, 'Kleine Läden, die Snacks, Tabakwaren und Getränke zum Mitnehmen anbieten.', 61);
INSERT INTO item (id, name, dateOfLastUpdate, dateOfRegistration, hasOutdoorArea, hasSockets, hasWifi, isOutdoor, isProductivityItem, isTrainingItem, description, idimage) VALUES (68, 'Bekleidungs-Geschäft', NOW(), NOW(), false, false, false, false, false, true, 'Ein Bekleidungsgeschäft, das sowohl Schuhe, Accessoires als auch Hosen und vieles mehr anbietet.', 62);
INSERT INTO item (id, name, dateOfLastUpdate, dateOfRegistration, hasOutdoorArea, hasSockets, hasWifi, isOutdoor, isProductivityItem, isTrainingItem, description, idimage) VALUES (69, 'Elektronik-Geschäft', NOW(), NOW(), false, false, false, false, false, true, 'Hier sind Elektronikartikel erhältlich, wie bspw. Computer und Mobiltelefone.', 63);
INSERT INTO item (id, name, dateOfLastUpdate, dateOfRegistration, hasOutdoorArea, hasSockets, hasWifi, isOutdoor, isProductivityItem, isTrainingItem, description, idimage) VALUES (70, 'Zeitschriften-Handel', NOW(), NOW(), false, false, false, false, false, true, 'Nach Zeitschriften und Büchern für Ihre Reise können Sie hier suchen.', 64);
INSERT INTO item (id, name, dateOfLastUpdate, dateOfRegistration, hasOutdoorArea, hasSockets, hasWifi, isOutdoor, isProductivityItem, isTrainingItem, description, idimage) VALUES (71, 'Schönheit & Gesundheit', NOW(), NOW(), false, false, false, false, false, true, 'Körperpflege- und Kosmetik-Artikel für sie und ihn.', 65);



-- Dump geopositions
INSERT INTO geoposition (id, lat, lng) VALUES (1, 12, 164)
INSERT INTO geoposition (id, lat, lng) VALUES (2, 12, 146)
INSERT INTO geoposition (id, lat, lng) VALUES (3, 12, 122)
INSERT INTO geoposition (id, lat, lng) VALUES (4, 12, 94)
INSERT INTO geoposition (id, lat, lng) VALUES (5, 13, 80)
INSERT INTO geoposition (id, lat, lng) VALUES (6, 33, 79)
INSERT INTO geoposition (id, lat, lng) VALUES (7, 35, 70)
INSERT INTO geoposition (id, lat, lng) VALUES (8, 41, 96)
INSERT INTO geoposition (id, lat, lng) VALUES (9, 50, 71)
INSERT INTO geoposition (id, lat, lng) VALUES (10, 65, 71)
INSERT INTO geoposition (id, lat, lng) VALUES (11, 61, 94)
INSERT INTO geoposition (id, lat, lng) VALUES (12, 67, 96)
INSERT INTO geoposition (id, lat, lng) VALUES (13, 69, 126)
INSERT INTO geoposition (id, lat, lng) VALUES (14, 87, 97)
INSERT INTO geoposition (id, lat, lng) VALUES (15, 80, 71)
INSERT INTO geoposition (id, lat, lng) VALUES (16, 94, 71)
INSERT INTO geoposition (id, lat, lng) VALUES (17, 107, 71)
INSERT INTO geoposition (id, lat, lng) VALUES (18, 107, 95)
INSERT INTO geoposition (id, lat, lng) VALUES (19, 107, 125)
INSERT INTO geoposition (id, lat, lng) VALUES (20, 126, 127)
INSERT INTO geoposition (id, lat, lng) VALUES (21, 245, 161)
INSERT INTO geoposition (id, lat, lng) VALUES (22, 123, 53)
INSERT INTO geoposition (id, lat, lng) VALUES (23, 123, 39)
INSERT INTO geoposition (id, lat, lng) VALUES (24, 123, 24)
INSERT INTO geoposition (id, lat, lng) VALUES (25, 123, 10)
INSERT INTO geoposition (id, lat, lng) VALUES (26, 134, 10)
INSERT INTO geoposition (id, lat, lng) VALUES (27, 134, 23)
INSERT INTO geoposition (id, lat, lng) VALUES (28, 134, 38)
INSERT INTO geoposition (id, lat, lng) VALUES (29, 134, 51)
INSERT INTO geoposition (id, lat, lng) VALUES (30, 138, 95)
INSERT INTO geoposition (id, lat, lng) VALUES (31, 150, 71)
INSERT INTO geoposition (id, lat, lng) VALUES (32, 158, 95)
INSERT INTO geoposition (id, lat, lng) VALUES (33, 164, 73)
INSERT INTO geoposition (id, lat, lng) VALUES (34, 178, 71)
INSERT INTO geoposition (id, lat, lng) VALUES (35, 174, 96)
INSERT INTO geoposition (id, lat, lng) VALUES (36, 193, 72)
INSERT INTO geoposition (id, lat, lng) VALUES (37, 194, 94)
INSERT INTO geoposition (id, lat, lng) VALUES (38, 209, 71)
INSERT INTO geoposition (id, lat, lng) VALUES (39, 220, 71)
INSERT INTO geoposition (id, lat, lng) VALUES (40, 216, 95)
INSERT INTO geoposition (id, lat, lng) VALUES (41, 235, 95)
INSERT INTO geoposition (id, lat, lng) VALUES (42, 242, 88)
INSERT INTO geoposition (id, lat, lng) VALUES (43, 245, 106)
INSERT INTO geoposition (id, lat, lng) VALUES (44, 245, 130)

-- productivity item coordinates
INSERT INTO geoposition (id, lat, lng) VALUES (45, 226, 101)
INSERT INTO geoposition (id, lat, lng) VALUES (46, 51, 101)
INSERT INTO geoposition (id, lat, lng) VALUES (47, 20, 112.7)
INSERT INTO geoposition (id, lat, lng) VALUES (48, 41, 112.7)
INSERT INTO geoposition (id, lat, lng) VALUES (49, 60, 112.7)
INSERT INTO geoposition (id, lat, lng) VALUES (50, 77.5, 101)
INSERT INTO geoposition (id, lat, lng) VALUES (51, 96, 112.7)
INSERT INTO geoposition (id, lat, lng) VALUES (52, 114, 112.7)
INSERT INTO geoposition (id, lat, lng) VALUES (53, 116, 101)
INSERT INTO geoposition (id, lat, lng) VALUES (54, 137, 112.7)
INSERT INTO geoposition (id, lat, lng) VALUES (55, 145, 101)
INSERT INTO geoposition (id, lat, lng) VALUES (56, 152, 112.7)
INSERT INTO geoposition (id, lat, lng) VALUES (57, 173, 112.7)
INSERT INTO geoposition (id, lat, lng) VALUES (58, 183, 101)
INSERT INTO geoposition (id, lat, lng) VALUES (59, 193, 112.7)


-- Dump into attribute table
-- minDuration in nano seconds (s/1000000000)

-- 1. Level
INSERT INTO attribute (id, attribute, minDuration, image_id) VALUES (1, 'Gastronomie', 180000000000, 53);
INSERT INTO attribute (id, attribute, minDuration, image_id) VALUES (2, 'Shopping', 360000000000, 69);
INSERT INTO attribute (id, attribute, minDuration, image_id) VALUES (3, 'Finanzen', 180000000000, 68);
INSERT INTO attribute (id, attribute, minDuration, image_id) VALUES (4, 'Reise', 200000000000, 70);
INSERT INTO attribute (id, attribute, minDuration, image_id) VALUES (5, 'Sanitäre Anlage', 210000000000, 53);

-- 2. Level Gastronomie
INSERT INTO attribute (attribute, minDuration, image_id) VALUES ('Café', 350000000000, 51);
INSERT INTO attribute (attribute, minDuration, image_id) VALUES ('Eisdiele', 2000000000000, 51);
INSERT INTO attribute (id, attribute, minDuration, image_id) VALUES (8,'Imbisshalle', 240000000000, 51);
INSERT INTO attribute (attribute, minDuration, image_id) VALUES ('Kantine', 1500000000000, 51);
INSERT INTO attribute (attribute, minDuration, image_id) VALUES ('Restaurant', 1500000000000, 53);
INSERT INTO attribute (id, attribute, minDuration, image_id) VALUES (11, 'Schankwirtschaft', 1500000000000, 51);

INSERT INTO attribute (attribute, minDuration, image_id) VALUES ('Alkoholische Getränke', 900000000000, 51);
INSERT INTO attribute (id, attribute, minDuration, image_id) VALUES (13, 'Nicht-Alkoholische Getränke', 900000000000, 51);



-- 2. Level Shopping
INSERT INTO attribute (attribute, minDuration, image_id) VALUES ('Taschen & Gepäck', 0, 51);
INSERT INTO attribute (attribute, minDuration, image_id) VALUES ('Gesundheit & Schönheit', 0, 51);
INSERT INTO attribute (attribute, minDuration, image_id) VALUES ('Elektronik', 0, 51);
INSERT INTO attribute (id, attribute, minDuration, image_id) VALUES (17, 'Kunst & Unterhaltung', 0, 51);
INSERT INTO attribute (attribute, minDuration, image_id) VALUES ('Lebensmittel', 0, 51);
INSERT INTO attribute (attribute, minDuration, image_id) VALUES ('Spielzeuge & Spiele', 0, 51);
INSERT INTO attribute (id, attribute, minDuration, image_id) VALUES (20, 'Kleidung', 0, 51);
INSERT INTO attribute (id, attribute, minDuration, image_id) VALUES (21, 'Blumen', 0, 51);
INSERT INTO attribute (attribute, minDuration, image_id) VALUES ('Für Erwachsene', 180000000000, 51);



-- 2. Level Finance
INSERT INTO attribute (attribute, minDuration, image_id) VALUES ('Geldautomat', 0, 68);



-- 2. Level Sanitary Facility
INSERT INTO attribute (attribute, minDuration, image_id) VALUES ('Dusche', 0, 51);
INSERT INTO attribute (attribute, minDuration, image_id) VALUES ('Toilette', 0, 51);



-- 2. Level Travel
INSERT INTO attribute (id, attribute, minDuration, image_id) VALUES (26, 'Informationsschalter', 0, 70);

---
---

-- 3. Level generel
INSERT INTO attribute (id, attribute, minDuration, image_id) VALUES (27, 'WiFi', 0, 52);
INSERT INTO attribute (attribute, minDuration, image_id) VALUES ('Barrierefrei', 0, 17);
INSERT INTO attribute (id, attribute, minDuration, image_id) VALUES (29, 'Steckdosen', 0, 17);


-- 3. Level Gastronomie
INSERT INTO attribute (attribute, minDuration, image_id) VALUES ('Bio', 0, 51);
INSERT INTO attribute (id, attribute, minDuration, image_id) VALUES (31, 'Vegan', 0, 51);
INSERT INTO attribute (attribute, minDuration, image_id) VALUES ('Vegetarisch', 0, 51);

INSERT INTO attribute (attribute, minDuration, image_id) VALUES ('Sitzplätze', 0, 51);
INSERT INTO attribute (id, attribute, minDuration, image_id) VALUES (34, 'TakeAway', 0, 51);

INSERT INTO attribute (attribute, minDuration, image_id) VALUES ('chinesisch', 0, 51);
INSERT INTO attribute (id, attribute, minDuration, image_id) VALUES (36, 'deutsch', 0, 51);
INSERT INTO attribute (attribute, minDuration, image_id) VALUES ('italienisch', 0, 51);
INSERT INTO attribute (attribute, minDuration, image_id) VALUES ('japanisch', 0, 51);

INSERT INTO attribute (id, attribute, minDuration, image_id) VALUES (39, 'Fastfood', 400000000, 51);

INSERT INTO attribute (attribute, minDuration, image_id) VALUES ('Backwaren', 500000000, 51);
INSERT INTO attribute (id, attribute, minDuration, image_id) VALUES (41, 'Fleisch', 500000000, 51);
INSERT INTO attribute (attribute, minDuration, image_id) VALUES ('Fisch', 500000000, 56);
INSERT INTO attribute (attribute, minDuration, image_id) VALUES ('Pizza', 500000000, 54);
INSERT INTO attribute (attribute, minDuration, image_id) VALUES ('Nudelgerichte', 500000000, 21);

INSERT INTO attribute (id, attribute, minDuration, image_id) VALUES (45,'Heißgetränke', 500000000, 51);

INSERT INTO attribute (attribute, minDuration, image_id) VALUES ('Spielautomaten', 2500000000, 51);
INSERT INTO attribute (attribute, minDuration, image_id) VALUES ('Burger', 500000000, 20);


-- 3. Level Shopping
INSERT INTO attribute (attribute, minDuration, image_id) VALUES ('Kosmetik', 0, 51);
INSERT INTO attribute (attribute, minDuration, image_id) VALUES ('Reformartikel', 0, 51);
INSERT INTO attribute (id, attribute, minDuration, image_id) VALUES (50, 'Körperpflege', 0, 51);

INSERT INTO attribute (id, attribute, minDuration, image_id) VALUES (51, 'Musik', 0, 51);
INSERT INTO attribute (attribute, minDuration, image_id) VALUES ('Fernseher', 0, 51);

INSERT INTO attribute (attribute, minDuration, image_id) VALUES ('Bücher', 0, 51);
INSERT INTO attribute (attribute, minDuration, image_id) VALUES ('Zeitschriften', 0, 51);

INSERT INTO attribute (id, attribute, minDuration, image_id) VALUES (55, 'Tabakwaren', 0, 51);
INSERT INTO attribute (attribute, minDuration, image_id) VALUES ('Spirituosen', 0, 51);

INSERT INTO attribute (attribute, minDuration, image_id) VALUES ('Alkoholfreie Getränke', 0, 51);

--4. Level Gastronomie
INSERT INTO attribute (id, attribute, minDuration, image_id) VALUES (58, 'Kaffee', 500000000, 51);
INSERT INTO attribute (attribute, minDuration, image_id) VALUES ('Tee', 500000000, 51);
INSERT INTO attribute (attribute, minDuration, image_id) VALUES ('Kuchen', 500000000, 51);
INSERT INTO attribute (attribute, minDuration, image_id) VALUES ('Cookie', 500000000, 51);
INSERT INTO attribute (attribute, minDuration, image_id) VALUES ('Eis', 400000000, 51);
INSERT INTO attribute (attribute, minDuration, image_id) VALUES ('Stehplätze',900000000000, 51);


INSERT INTO attribute (attribute, minDuration, image_id) VALUES ('Reisgerichte', 500000000, 21);
INSERT INTO attribute (attribute, image_id) VALUES ('Raucherbereich', 21);
INSERT INTO attribute (attribute, image_id) VALUES ('Außenbereich', 21);
INSERT INTO attribute (attribute, image_id) VALUES ('Accessoires & Schmuck', 21);
INSERT INTO attribute (attribute, image_id) VALUES ('Schuhe', 21);
INSERT INTO attribute (id, attribute, image_id) VALUES (69, 'Andere', 53);
INSERT INTO attribute (id, attribute, image_id) VALUES (70, 'Post', 72);
INSERT INTO attribute (id, attribute, image_id) VALUES (71, 'Snackautomat', 73);


INSERT INTO attribute (id, attribute, image_id) VALUES (72, 'männlich', 53);
INSERT INTO attribute (id, attribute, image_id) VALUES (73, 'weiblich', 53);


INSERT INTO attribute (id, attribute, image_id) VALUES (74, 'Ziel', 71);




-- Dump attribute trees into attribute_tupel
-- item#3
INSERT INTO attribute_tupel (id, idattribute, idattribute_tupel_tree) VALUES (1, 29, 3);
INSERT INTO attribute_tupel (id, idattribute, idattribute_tupel_tree) VALUES (2, 33, 3);
INSERT INTO attribute_tupel (id, idattribute, idattribute_tupel_tree) VALUES (3, 34, 3);
INSERT INTO attribute_tupel (id, idattribute, idattribute_tupel_tree) VALUES (4, 27, 3);

INSERT INTO attribute_tupel (id, idattribute, idattribute_tupel_tree) VALUES (5, 1, 3);
INSERT INTO attribute_tupel (id, idattribute) VALUES (6, 6);
INSERT INTO attribute_tupel (id, idattribute) VALUES (7, 40);
INSERT INTO attribute_tupel (id, idattribute) VALUES (8, 45);

INSERT INTO attribute_tupel (id, idattribute) VALUES (9, 58);
INSERT INTO attribute_tupel (id, idattribute) VALUES (10, 59);
INSERT INTO attribute_tupel (id, idattribute) VALUES (11, 60);
INSERT INTO attribute_tupel (id, idattribute) VALUES (12, 61);

INSERT INTO attribute_tupel_children (idattribute_tupel, idchild) VALUES (5, 6);
INSERT INTO attribute_tupel_parent (idattribute_tupel, idparent) VALUES (6, 5);

INSERT INTO attribute_tupel_children (idattribute_tupel, idchild) VALUES (6, 7);
INSERT INTO attribute_tupel_parent (idattribute_tupel, idparent) VALUES (7, 6);

INSERT INTO attribute_tupel_children (idattribute_tupel, idchild) VALUES (6, 8);
INSERT INTO attribute_tupel_parent (idattribute_tupel, idparent) VALUES (8, 6);

INSERT INTO attribute_tupel_children (idattribute_tupel, idchild) VALUES (7, 9);
INSERT INTO attribute_tupel_parent (idattribute_tupel, idparent) VALUES (9, 7);

INSERT INTO attribute_tupel_children (idattribute_tupel, idchild) VALUES (7, 10);
INSERT INTO attribute_tupel_parent (idattribute_tupel, idparent) VALUES (10, 7);

INSERT INTO attribute_tupel_children (idattribute_tupel, idchild) VALUES (8, 11);
INSERT INTO attribute_tupel_parent (idattribute_tupel, idparent) VALUES (11, 8);

INSERT INTO attribute_tupel_children (idattribute_tupel, idchild) VALUES (12, 8);
INSERT INTO attribute_tupel_parent (idattribute_tupel, idparent) VALUES (8, 12);

------------------------------------------------------------------------------------
-- item#4
INSERT INTO attribute_tupel (id, idattribute, idattribute_tupel_tree) VALUES (13, 28, 4);
INSERT INTO attribute_tupel (id, idattribute, idattribute_tupel_tree) VALUES (14, 63, 4);
INSERT INTO attribute_tupel (id, idattribute, idattribute_tupel_tree) VALUES (15, 33, 4);
INSERT INTO attribute_tupel (id, idattribute, idattribute_tupel_tree) VALUES (16, 34, 4);

INSERT INTO attribute_tupel (id, idattribute, idattribute_tupel_tree) VALUES (17, 1, 4);
INSERT INTO attribute_tupel (id, idattribute) VALUES (18, 8);
INSERT INTO attribute_tupel (id, idattribute) VALUES (19, 42);

INSERT INTO attribute_tupel_children (idattribute_tupel, idchild) VALUES (17, 18);
INSERT INTO attribute_tupel_parent (idattribute_tupel, idparent) VALUES (18, 17);

INSERT INTO attribute_tupel_children (idattribute_tupel, idchild) VALUES (17, 18);
INSERT INTO attribute_tupel_parent (idattribute_tupel, idparent) VALUES (18, 17);

INSERT INTO attribute_tupel_children (idattribute_tupel, idchild) VALUES (17, 19);
INSERT INTO attribute_tupel_parent (idattribute_tupel, idparent) VALUES (19, 17);

------------------------------------------------------------------------------------
-- item#5
INSERT INTO attribute_tupel (id, idattribute, idattribute_tupel_tree) VALUES (20, 27, 5);
INSERT INTO attribute_tupel (id, idattribute, idattribute_tupel_tree) VALUES (21, 28, 5);
INSERT INTO attribute_tupel (id, idattribute, idattribute_tupel_tree) VALUES (22, 34, 5);
INSERT INTO attribute_tupel (id, idattribute, idattribute_tupel_tree) VALUES (23, 1, 5);
INSERT INTO attribute_tupel (id, idattribute) VALUES (24, 8);
INSERT INTO attribute_tupel (id, idattribute) VALUES (25, 32);
INSERT INTO attribute_tupel (id, idattribute) VALUES (26, 39);
INSERT INTO attribute_tupel (id, idattribute) VALUES (27, 41);


INSERT INTO attribute_tupel_children (idattribute_tupel, idchild) VALUES (23, 24);
INSERT INTO attribute_tupel_parent (idattribute_tupel, idparent) VALUES (24, 23);

INSERT INTO attribute_tupel_children (idattribute_tupel, idchild) VALUES (23, 25);
INSERT INTO attribute_tupel_parent (idattribute_tupel, idparent) VALUES (25, 23);

INSERT INTO attribute_tupel_children (idattribute_tupel, idchild) VALUES (23, 26);
INSERT INTO attribute_tupel_parent (idattribute_tupel, idparent) VALUES (26, 23);

INSERT INTO attribute_tupel_children (idattribute_tupel, idchild) VALUES (23, 27);
INSERT INTO attribute_tupel_parent (idattribute_tupel, idparent) VALUES (27, 23);


------------------------------------------------------------------------------------
-- item#6
INSERT INTO attribute_tupel (id, idattribute, idattribute_tupel_tree) VALUES (28, 27, 6);
INSERT INTO attribute_tupel (id, idattribute, idattribute_tupel_tree) VALUES (29, 28, 6);
INSERT INTO attribute_tupel (id, idattribute, idattribute_tupel_tree) VALUES (30, 34, 6);
INSERT INTO attribute_tupel (id, idattribute, idattribute_tupel_tree) VALUES (31, 63, 6);
INSERT INTO attribute_tupel (id, idattribute, idattribute_tupel_tree) VALUES (32, 1, 6);
INSERT INTO attribute_tupel (id, idattribute) VALUES (33, 8);
INSERT INTO attribute_tupel (id, idattribute) VALUES (34, 39);

INSERT INTO attribute_tupel_children (idattribute_tupel, idchild) VALUES (32, 33);
INSERT INTO attribute_tupel_parent (idattribute_tupel, idparent) VALUES (33, 32);

INSERT INTO attribute_tupel_children (idattribute_tupel, idchild) VALUES (32, 34);
INSERT INTO attribute_tupel_parent (idattribute_tupel, idparent) VALUES (34, 32);

------------------------------------------------------------------------------------
-- item#7
INSERT INTO attribute_tupel (id, idattribute, idattribute_tupel_tree) VALUES (35, 73, 7);
INSERT INTO attribute_tupel (id, idattribute, idattribute_tupel_tree) VALUES (36, 2, 7);
INSERT INTO attribute_tupel (id, idattribute) VALUES (37, 67);

INSERT INTO attribute_tupel_children (idattribute_tupel, idchild) VALUES (36, 37);
INSERT INTO attribute_tupel_parent (idattribute_tupel, idparent) VALUES (37, 36);

------------------------------------------------------------------------------------
-- item#8
INSERT INTO attribute_tupel (id, idattribute, idattribute_tupel_tree) VALUES (38, 73, 8);
INSERT INTO attribute_tupel (id, idattribute, idattribute_tupel_tree) VALUES (39, 2, 8);
INSERT INTO attribute_tupel (id, idattribute) VALUES (40, 40);

INSERT INTO attribute_tupel_children (idattribute_tupel, idchild) VALUES (39, 40);
INSERT INTO attribute_tupel_parent (idattribute_tupel, idparent) VALUES (40, 39);

------------------------------------------------------------------------------------
-- item#9
INSERT INTO attribute_tupel (id, idattribute, idattribute_tupel_tree) VALUES (41, 27, 9);
INSERT INTO attribute_tupel (id, idattribute, idattribute_tupel_tree) VALUES (42, 1, 9);
INSERT INTO attribute_tupel (id, idattribute) VALUES (43, 8);

INSERT INTO attribute_tupel_children (idattribute_tupel, idchild) VALUES (42, 43);
INSERT INTO attribute_tupel_parent (idattribute_tupel, idparent) VALUES (43, 42);

------------------------------------------------------------------------------------
-- item#10
INSERT INTO attribute_tupel (id, idattribute, idattribute_tupel_tree) VALUES (44, 33, 10);
INSERT INTO attribute_tupel (id, idattribute, idattribute_tupel_tree) VALUES (45, 34, 10);
INSERT INTO attribute_tupel (id, idattribute, idattribute_tupel_tree) VALUES (46, 28, 10);
INSERT INTO attribute_tupel (id, idattribute, idattribute_tupel_tree) VALUES (47, 63, 10);
INSERT INTO attribute_tupel (id, idattribute, idattribute_tupel_tree) VALUES (48, 1, 10);
INSERT INTO attribute_tupel (id, idattribute) VALUES (49, 8);
INSERT INTO attribute_tupel (id, idattribute) VALUES (50, 42);


INSERT INTO attribute_tupel_children (idattribute_tupel, idchild) VALUES (48, 49);
INSERT INTO attribute_tupel_parent (idattribute_tupel, idparent) VALUES (49, 48);

INSERT INTO attribute_tupel_children (idattribute_tupel, idchild) VALUES (49, 50);
INSERT INTO attribute_tupel_parent (idattribute_tupel, idparent) VALUES (50, 49);

------------------------------------------------------------------------------------
-- item#11
INSERT INTO attribute_tupel (id, idattribute, idattribute_tupel_tree) VALUES (51, 1, 11);
INSERT INTO attribute_tupel (id, idattribute) VALUES (52, 8);
INSERT INTO attribute_tupel (id, idattribute) VALUES (53, 30);
INSERT INTO attribute_tupel (id, idattribute) VALUES (54, 31);
INSERT INTO attribute_tupel (id, idattribute) VALUES (55, 32);
INSERT INTO attribute_tupel (id, idattribute) VALUES (56, 34);

INSERT INTO attribute_tupel_children (idattribute_tupel, idchild) VALUES (51, 52);
INSERT INTO attribute_tupel_parent (idattribute_tupel, idparent) VALUES (52, 51);

INSERT INTO attribute_tupel_children (idattribute_tupel, idchild) VALUES (52, 53);
INSERT INTO attribute_tupel_parent (idattribute_tupel, idparent) VALUES (53, 52);

INSERT INTO attribute_tupel_children (idattribute_tupel, idchild) VALUES (52, 54);
INSERT INTO attribute_tupel_parent (idattribute_tupel, idparent) VALUES (54, 52);

INSERT INTO attribute_tupel_children (idattribute_tupel, idchild) VALUES (52, 55);
INSERT INTO attribute_tupel_parent (idattribute_tupel, idparent) VALUES (55, 52);

INSERT INTO attribute_tupel_children (idattribute_tupel, idchild) VALUES (52, 56);
INSERT INTO attribute_tupel_parent (idattribute_tupel, idparent) VALUES (56, 52);

------------------------------------------------------------------------------------
-- item#12
INSERT INTO attribute_tupel (id, idattribute, idattribute_tupel_tree) VALUES (57, 2, 12);
INSERT INTO attribute_tupel (id, idattribute) VALUES (58, 20);

INSERT INTO attribute_tupel_children (idattribute_tupel, idchild) VALUES (57, 58);
INSERT INTO attribute_tupel_parent (idattribute_tupel, idparent) VALUES (58, 57);

------------------------------------------------------------------------------------
-- item#13
INSERT INTO attribute_tupel (id, idattribute, idattribute_tupel_tree) VALUES (59, 2, 13);
INSERT INTO attribute_tupel (id, idattribute) VALUES (60, 68);

INSERT INTO attribute_tupel_children (idattribute_tupel, idchild) VALUES (59, 60);
INSERT INTO attribute_tupel_parent (idattribute_tupel, idparent) VALUES (60, 59);

------------------------------------------------------------------------------------
-- item#14
INSERT INTO attribute_tupel (id, idattribute, idattribute_tupel_tree) VALUES (61, 2, 14);
INSERT INTO attribute_tupel (id, idattribute) VALUES (62, 67);

INSERT INTO attribute_tupel_children (idattribute_tupel, idchild) VALUES (61, 62);
INSERT INTO attribute_tupel_parent (idattribute_tupel, idparent) VALUES (62, 61);

------------------------------------------------------------------------------------
-- item#15
INSERT INTO attribute_tupel (id, idattribute, idattribute_tupel_tree) VALUES (63, 2, 15);
INSERT INTO attribute_tupel (id, idattribute) VALUES (64, 15);

INSERT INTO attribute_tupel (id, idattribute) VALUES (65, 48);
INSERT INTO attribute_tupel (id, idattribute) VALUES (66, 49);
INSERT INTO attribute_tupel (id, idattribute) VALUES (67, 50);

INSERT INTO attribute_tupel_children (idattribute_tupel, idchild) VALUES (63, 64);
INSERT INTO attribute_tupel_parent (idattribute_tupel, idparent) VALUES (64, 63);

INSERT INTO attribute_tupel_children (idattribute_tupel, idchild) VALUES (64, 65);
INSERT INTO attribute_tupel_parent (idattribute_tupel, idparent) VALUES (65, 64);

INSERT INTO attribute_tupel_children (idattribute_tupel, idchild) VALUES (64, 66);
INSERT INTO attribute_tupel_parent (idattribute_tupel, idparent) VALUES (66, 64);

INSERT INTO attribute_tupel_children (idattribute_tupel, idchild) VALUES (64, 67);
INSERT INTO attribute_tupel_parent (idattribute_tupel, idparent) VALUES (67, 64);

------------------------------------------------------------------------------------
-- item#16
INSERT INTO attribute_tupel (id, idattribute, idattribute_tupel_tree) VALUES (68, 33, 16);
INSERT INTO attribute_tupel (id, idattribute, idattribute_tupel_tree) VALUES (69, 1, 16);

INSERT INTO attribute_tupel (id, idattribute) VALUES (70, 10);
INSERT INTO attribute_tupel (id, idattribute) VALUES (71, 35);
INSERT INTO attribute_tupel (id, idattribute) VALUES (72, 41);
INSERT INTO attribute_tupel (id, idattribute) VALUES (73, 44);
INSERT INTO attribute_tupel (id, idattribute) VALUES (74, 64);

INSERT INTO attribute_tupel_children (idattribute_tupel, idchild) VALUES (69, 70);
INSERT INTO attribute_tupel_parent (idattribute_tupel, idparent) VALUES (70, 69);

INSERT INTO attribute_tupel_children (idattribute_tupel, idchild) VALUES (69, 71);
INSERT INTO attribute_tupel_parent (idattribute_tupel, idparent) VALUES (71, 69);

INSERT INTO attribute_tupel_children (idattribute_tupel, idchild) VALUES (69, 72);
INSERT INTO attribute_tupel_parent (idattribute_tupel, idparent) VALUES (72, 69);

INSERT INTO attribute_tupel_children (idattribute_tupel, idchild) VALUES (69, 73);
INSERT INTO attribute_tupel_parent (idattribute_tupel, idparent) VALUES (73, 69);

INSERT INTO attribute_tupel_children (idattribute_tupel, idchild) VALUES (69, 74);
INSERT INTO attribute_tupel_parent (idattribute_tupel, idparent) VALUES (74, 69);

------------------------------------------------------------------------------------
-- item#17
INSERT INTO attribute_tupel (id, idattribute, idattribute_tupel_tree) VALUES (75, 73, 17);
INSERT INTO attribute_tupel (id, idattribute, idattribute_tupel_tree) VALUES (76, 2, 17);
INSERT INTO attribute_tupel (id, idattribute) VALUES (77, 20);

INSERT INTO attribute_tupel_children (idattribute_tupel, idchild) VALUES (76, 77);
INSERT INTO attribute_tupel_parent (idattribute_tupel, idparent) VALUES (76, 77);

------------------------------------------------------------------------------------
-- item#18
INSERT INTO attribute_tupel (id, idattribute, idattribute_tupel_tree) VALUES (78, 34, 18);
INSERT INTO attribute_tupel (id, idattribute, idattribute_tupel_tree) VALUES (79, 1, 18);
INSERT INTO attribute_tupel (id, idattribute) VALUES (80, 8);
INSERT INTO attribute_tupel (id, idattribute) VALUES (81, 30);
INSERT INTO attribute_tupel (id, idattribute) VALUES (82, 31);
INSERT INTO attribute_tupel (id, idattribute) VALUES (83, 32);


INSERT INTO attribute_tupel_children (idattribute_tupel, idchild) VALUES (79, 80);
INSERT INTO attribute_tupel_parent (idattribute_tupel, idparent) VALUES (80, 79);

INSERT INTO attribute_tupel_children (idattribute_tupel, idchild) VALUES (79, 81);
INSERT INTO attribute_tupel_parent (idattribute_tupel, idparent) VALUES (81, 79);

INSERT INTO attribute_tupel_children (idattribute_tupel, idchild) VALUES (79, 82);
INSERT INTO attribute_tupel_parent (idattribute_tupel, idparent) VALUES (82, 79);

INSERT INTO attribute_tupel_children (idattribute_tupel, idchild) VALUES (79, 83);
INSERT INTO attribute_tupel_parent (idattribute_tupel, idparent) VALUES (83, 79);

------------------------------------------------------------------------------------
-- item#19
INSERT INTO attribute_tupel (id, idattribute, idattribute_tupel_tree) VALUES (84, 1, 19);
INSERT INTO attribute_tupel (id, idattribute) VALUES (85, 8);
INSERT INTO attribute_tupel (id, idattribute) VALUES (86, 36);

INSERT INTO attribute_tupel_children (idattribute_tupel, idchild) VALUES (84, 85);
INSERT INTO attribute_tupel_parent (idattribute_tupel, idparent) VALUES (85, 84);

INSERT INTO attribute_tupel_children (idattribute_tupel, idchild) VALUES (84, 86);
INSERT INTO attribute_tupel_parent (idattribute_tupel, idparent) VALUES (86, 84);

------------------------------------------------------------------------------------
-- item#20
INSERT INTO attribute_tupel (id, idattribute, idattribute_tupel_tree) VALUES (87, 2, 20);
INSERT INTO attribute_tupel (id, idattribute) VALUES (88, 18);

INSERT INTO attribute_tupel_children (idattribute_tupel, idchild) VALUES (87, 88);
INSERT INTO attribute_tupel_parent (idattribute_tupel, idparent) VALUES (88, 87);

------------------------------------------------------------------------------------
-- item#21
INSERT INTO attribute_tupel (id, idattribute, idattribute_tupel_tree) VALUES (89, 2, 21);
INSERT INTO attribute_tupel (id, idattribute) VALUES (90, 15);

INSERT INTO attribute_tupel (id, idattribute) VALUES (91, 48);
INSERT INTO attribute_tupel (id, idattribute) VALUES (92, 49);
INSERT INTO attribute_tupel (id, idattribute) VALUES (93, 50);

INSERT INTO attribute_tupel_children (idattribute_tupel, idchild) VALUES (89, 90);
INSERT INTO attribute_tupel_parent (idattribute_tupel, idparent) VALUES (90, 89);

INSERT INTO attribute_tupel_children (idattribute_tupel, idchild) VALUES (90, 91);
INSERT INTO attribute_tupel_parent (idattribute_tupel, idparent) VALUES (91, 90);

INSERT INTO attribute_tupel_children (idattribute_tupel, idchild) VALUES (90, 92);
INSERT INTO attribute_tupel_parent (idattribute_tupel, idparent) VALUES (92, 90);

INSERT INTO attribute_tupel_children (idattribute_tupel, idchild) VALUES (90, 92);
INSERT INTO attribute_tupel_parent (idattribute_tupel, idparent) VALUES (92, 90);

------------------------------------------------------------------------------------
-- item#22
INSERT INTO attribute_tupel (id, idattribute, idattribute_tupel_tree) VALUES (94, 2, 22);
INSERT INTO attribute_tupel (id, idattribute) VALUES (95, 68);

INSERT INTO attribute_tupel_children (idattribute_tupel, idchild) VALUES (94, 95);
INSERT INTO attribute_tupel_parent (idattribute_tupel, idparent) VALUES (95, 94);

------------------------------------------------------------------------------------
-- item#23
INSERT INTO attribute_tupel (id, idattribute, idattribute_tupel_tree) VALUES (96, 27, 23);
INSERT INTO attribute_tupel (id, idattribute, idattribute_tupel_tree) VALUES (97, 29, 23);
INSERT INTO attribute_tupel (id, idattribute, idattribute_tupel_tree) VALUES (98, 33, 23);
INSERT INTO attribute_tupel (id, idattribute, idattribute_tupel_tree) VALUES (99, 34, 23);

INSERT INTO attribute_tupel (id, idattribute, idattribute_tupel_tree) VALUES (100, 1, 23);
INSERT INTO attribute_tupel (id, idattribute, idattribute_tupel_tree) VALUES (101, 6, 23);

INSERT INTO attribute_tupel (id, idattribute) VALUES (102, 40);
INSERT INTO attribute_tupel (id, idattribute) VALUES (103, 45);

INSERT INTO attribute_tupel (id, idattribute) VALUES (104, 58);
INSERT INTO attribute_tupel (id, idattribute) VALUES (105, 59);

INSERT INTO attribute_tupel (id, idattribute) VALUES (106, 60);
INSERT INTO attribute_tupel (id, idattribute) VALUES (107, 61);


INSERT INTO attribute_tupel_children (idattribute_tupel, idchild) VALUES (100, 101);
INSERT INTO attribute_tupel_parent (idattribute_tupel, idparent) VALUES (101, 100);

INSERT INTO attribute_tupel_children (idattribute_tupel, idchild) VALUES (101, 102);
INSERT INTO attribute_tupel_parent (idattribute_tupel, idparent) VALUES (102, 101);

INSERT INTO attribute_tupel_children (idattribute_tupel, idchild) VALUES (101, 103);
INSERT INTO attribute_tupel_parent (idattribute_tupel, idparent) VALUES (103, 101);


INSERT INTO attribute_tupel_children (idattribute_tupel, idchild) VALUES (103, 104);
INSERT INTO attribute_tupel_parent (idattribute_tupel, idparent) VALUES (104, 103);

INSERT INTO attribute_tupel_children (idattribute_tupel, idchild) VALUES (103, 105);
INSERT INTO attribute_tupel_parent (idattribute_tupel, idparent) VALUES (105, 103);


INSERT INTO attribute_tupel_children (idattribute_tupel, idchild) VALUES (102, 106);
INSERT INTO attribute_tupel_parent (idattribute_tupel, idparent) VALUES (106, 102);

INSERT INTO attribute_tupel_children (idattribute_tupel, idchild) VALUES (102, 107);
INSERT INTO attribute_tupel_parent (idattribute_tupel, idparent) VALUES (107, 102);

------------------------------------------------------------------------------------
-- item#24 tree
INSERT INTO attribute_tupel (id, idattribute, idattribute_tupel_tree) VALUES (108, 2, 24);
INSERT INTO attribute_tupel (id, idattribute) VALUES (109, 17);
INSERT INTO attribute_tupel (id, idattribute) VALUES (110, 22);

INSERT INTO attribute_tupel (id, idattribute) VALUES (111, 54);
INSERT INTO attribute_tupel (id, idattribute) VALUES (112, 55);
INSERT INTO attribute_tupel (id, idattribute) VALUES (113, 56);


INSERT INTO attribute_tupel_children (idattribute_tupel, idchild) VALUES (108, 109);
INSERT INTO attribute_tupel_parent (idattribute_tupel, idparent) VALUES (109, 108);

INSERT INTO attribute_tupel_children (idattribute_tupel, idchild) VALUES (108, 110);
INSERT INTO attribute_tupel_parent (idattribute_tupel, idparent) VALUES (110, 108);


INSERT INTO attribute_tupel_children (idattribute_tupel, idchild) VALUES (109, 111);
INSERT INTO attribute_tupel_parent (idattribute_tupel, idparent) VALUES (111, 109);


INSERT INTO attribute_tupel_children (idattribute_tupel, idchild) VALUES (110, 112);
INSERT INTO attribute_tupel_parent (idattribute_tupel, idparent) VALUES (112, 110);

INSERT INTO attribute_tupel_children (idattribute_tupel, idchild) VALUES (110, 113);
INSERT INTO attribute_tupel_parent (idattribute_tupel, idparent) VALUES (113, 110);


------------------------------------------------------------------------------------
-- item#25 tree
INSERT INTO attribute_tupel (id, idattribute, idattribute_tupel_tree) VALUES (114, 27, 25);
INSERT INTO attribute_tupel (id, idattribute, idattribute_tupel_tree) VALUES (115, 29, 25);
INSERT INTO attribute_tupel (id, idattribute, idattribute_tupel_tree) VALUES (116, 33, 25);
INSERT INTO attribute_tupel (id, idattribute, idattribute_tupel_tree) VALUES (117, 34, 25);

INSERT INTO attribute_tupel (id, idattribute, idattribute_tupel_tree) VALUES (118, 1, 25);
INSERT INTO attribute_tupel (id, idattribute, idattribute_tupel_tree) VALUES (119, 6, 25);


INSERT INTO attribute_tupel (id, idattribute) VALUES (120, 40);
INSERT INTO attribute_tupel (id, idattribute) VALUES (121, 45);

INSERT INTO attribute_tupel (id, idattribute) VALUES (122, 58);
INSERT INTO attribute_tupel (id, idattribute) VALUES (123, 59);
INSERT INTO attribute_tupel (id, idattribute) VALUES (124, 60);
INSERT INTO attribute_tupel (id, idattribute) VALUES (125, 61);


INSERT INTO attribute_tupel_children (idattribute_tupel, idchild) VALUES (118, 119);
INSERT INTO attribute_tupel_parent (idattribute_tupel, idparent) VALUES (119, 118);

INSERT INTO attribute_tupel_children (idattribute_tupel, idchild) VALUES (119, 120);
INSERT INTO attribute_tupel_parent (idattribute_tupel, idparent) VALUES (120, 119);

INSERT INTO attribute_tupel_children (idattribute_tupel, idchild) VALUES (119, 121);
INSERT INTO attribute_tupel_parent (idattribute_tupel, idparent) VALUES (121, 119);


INSERT INTO attribute_tupel_children (idattribute_tupel, idchild) VALUES (121, 122);
INSERT INTO attribute_tupel_parent (idattribute_tupel, idparent) VALUES (122, 121);

INSERT INTO attribute_tupel_children (idattribute_tupel, idchild) VALUES (121, 123);
INSERT INTO attribute_tupel_parent (idattribute_tupel, idparent) VALUES (123, 121);


INSERT INTO attribute_tupel_children (idattribute_tupel, idchild) VALUES (120, 124);
INSERT INTO attribute_tupel_parent (idattribute_tupel, idparent) VALUES (124, 120);

INSERT INTO attribute_tupel_children (idattribute_tupel, idchild) VALUES (120, 125);
INSERT INTO attribute_tupel_parent (idattribute_tupel, idparent) VALUES (125, 120);


------------------------------------------------------------------------------------
-- item#26
INSERT INTO attribute_tupel (id, idattribute, idattribute_tupel_tree) VALUES (126, 34, 26);
INSERT INTO attribute_tupel (id, idattribute, idattribute_tupel_tree) VALUES (127, 1, 26);
INSERT INTO attribute_tupel (id, idattribute) VALUES (128, 7);

INSERT INTO attribute_tupel (id, idattribute) VALUES (129, 30);
INSERT INTO attribute_tupel (id, idattribute) VALUES (130, 37);

INSERT INTO attribute_tupel (id, idattribute) VALUES (131, 45);
INSERT INTO attribute_tupel (id, idattribute) VALUES (132, 62);


INSERT INTO attribute_tupel_children (idattribute_tupel, idchild) VALUES (127, 128);
INSERT INTO attribute_tupel_parent (idattribute_tupel, idparent) VALUES (128, 127);

INSERT INTO attribute_tupel_children (idattribute_tupel, idchild) VALUES (128, 121308);
INSERT INTO attribute_tupel_parent (idattribute_tupel, idparent) VALUES (130, 128);

INSERT INTO attribute_tupel_children (idattribute_tupel, idchild) VALUES (128, 131);
INSERT INTO attribute_tupel_parent (idattribute_tupel, idparent) VALUES (131, 128);

INSERT INTO attribute_tupel_children (idattribute_tupel, idchild) VALUES (128, 132);
INSERT INTO attribute_tupel_parent (idattribute_tupel, idparent) VALUES (132, 128);


------------------------------------------------------------------------------------
-- item#27
INSERT INTO attribute_tupel (id, idattribute, idattribute_tupel_tree) VALUES (133, 63, 27);
INSERT INTO attribute_tupel (id, idattribute, idattribute_tupel_tree) VALUES (134, 34, 27);
INSERT INTO attribute_tupel (id, idattribute, idattribute_tupel_tree) VALUES (135, 1, 27);

INSERT INTO attribute_tupel (id, idattribute) VALUES (136, 8);
INSERT INTO attribute_tupel (id, idattribute) VALUES (137, 43);
INSERT INTO attribute_tupel (id, idattribute) VALUES (138, 44);

INSERT INTO attribute_tupel_children (idattribute_tupel, idchild) VALUES (135, 136);
INSERT INTO attribute_tupel_parent (idattribute_tupel, idparent) VALUES (136, 136);


INSERT INTO attribute_tupel_children (idattribute_tupel, idchild) VALUES (136, 137);
INSERT INTO attribute_tupel_parent (idattribute_tupel, idparent) VALUES (137, 136);

INSERT INTO attribute_tupel_children (idattribute_tupel, idchild) VALUES (136, 138);
INSERT INTO attribute_tupel_parent (idattribute_tupel, idparent) VALUES (138, 136);

------------------------------------------------------------------------------------
-- item#28
INSERT INTO attribute_tupel (id, idattribute, idattribute_tupel_tree) VALUES (139, 2, 28);
INSERT INTO attribute_tupel (id, idattribute) VALUES (140, 18);
INSERT INTO attribute_tupel (id, idattribute) VALUES (141, 30);

INSERT INTO attribute_tupel_children (idattribute_tupel, idchild) VALUES (139, 140);
INSERT INTO attribute_tupel_parent (idattribute_tupel, idparent) VALUES (140, 139);

INSERT INTO attribute_tupel_children (idattribute_tupel, idchild) VALUES (140, 141);
INSERT INTO attribute_tupel_parent (idattribute_tupel, idparent) VALUES (141, 140);


------------------------------------------------------------------------------------
-- item#29
INSERT INTO attribute_tupel (id, idattribute, idattribute_tupel_tree) VALUES (142, 2, 29);
INSERT INTO attribute_tupel (id, idattribute) VALUES (143, 17);
INSERT INTO attribute_tupel (id, idattribute) VALUES (144, 22);

INSERT INTO attribute_tupel (id, idattribute) VALUES (145, 54);
INSERT INTO attribute_tupel (id, idattribute) VALUES (146, 55);
INSERT INTO attribute_tupel (id, idattribute) VALUES (147, 56);


INSERT INTO attribute_tupel_children (idattribute_tupel, idchild) VALUES (142, 143);
INSERT INTO attribute_tupel_parent (idattribute_tupel, idparent) VALUES (143, 142);

INSERT INTO attribute_tupel_children (idattribute_tupel, idchild) VALUES (142, 144);
INSERT INTO attribute_tupel_parent (idattribute_tupel, idparent) VALUES (144, 142);


INSERT INTO attribute_tupel_children (idattribute_tupel, idchild) VALUES (143, 145);
INSERT INTO attribute_tupel_parent (idattribute_tupel, idparent) VALUES (145, 143);


INSERT INTO attribute_tupel_children (idattribute_tupel, idchild) VALUES (144, 146);
INSERT INTO attribute_tupel_parent (idattribute_tupel, idparent) VALUES (146, 144);

INSERT INTO attribute_tupel_children (idattribute_tupel, idchild) VALUES (144, 147);
INSERT INTO attribute_tupel_parent (idattribute_tupel, idparent) VALUES (147, 144);

------------------------------------------------------------------------------------
-- item#30
INSERT INTO attribute_tupel (id, idattribute, idattribute_tupel_tree) VALUES (148, 33, 30);
INSERT INTO attribute_tupel (id, idattribute, idattribute_tupel_tree) VALUES (149, 1, 30);
INSERT INTO attribute_tupel (id, idattribute) VALUES (150, 10);

INSERT INTO attribute_tupel (id, idattribute) VALUES (151, 35);

INSERT INTO attribute_tupel (id, idattribute) VALUES (152, 41);
INSERT INTO attribute_tupel (id, idattribute) VALUES (153, 44);
INSERT INTO attribute_tupel (id, idattribute) VALUES (154, 64);


INSERT INTO attribute_tupel_children (idattribute_tupel, idchild) VALUES (149, 150);
INSERT INTO attribute_tupel_parent (idattribute_tupel, idparent) VALUES (150, 149);

INSERT INTO attribute_tupel_children (idattribute_tupel, idchild) VALUES (149, 151);
INSERT INTO attribute_tupel_parent (idattribute_tupel, idparent) VALUES (151, 149);

INSERT INTO attribute_tupel_children (idattribute_tupel, idchild) VALUES (150, 152);
INSERT INTO attribute_tupel_parent (idattribute_tupel, idparent) VALUES (152, 150);

INSERT INTO attribute_tupel_children (idattribute_tupel, idchild) VALUES (150, 153);
INSERT INTO attribute_tupel_parent (idattribute_tupel, idparent) VALUES (153, 150);

INSERT INTO attribute_tupel_children (idattribute_tupel, idchild) VALUES (150, 154);
INSERT INTO attribute_tupel_parent (idattribute_tupel, idparent) VALUES (154, 150);

------------------------------------------------------------------------------------
-- item#31
INSERT INTO attribute_tupel (id, idattribute, idattribute_tupel_tree) VALUES (155, 1, 31);
INSERT INTO attribute_tupel (id, idattribute) VALUES (156, 11);
INSERT INTO attribute_tupel (id, idattribute) VALUES (157, 12);
INSERT INTO attribute_tupel (id, idattribute) VALUES (158, 13);


INSERT INTO attribute_tupel_children (idattribute_tupel, idchild) VALUES (155, 156);
INSERT INTO attribute_tupel_parent (idattribute_tupel, idparent) VALUES (156, 155);

INSERT INTO attribute_tupel_children (idattribute_tupel, idchild) VALUES (156, 157);
INSERT INTO attribute_tupel_parent (idattribute_tupel, idparent) VALUES (157, 156);

INSERT INTO attribute_tupel_children (idattribute_tupel, idchild) VALUES (156, 158);
INSERT INTO attribute_tupel_parent (idattribute_tupel, idparent) VALUES (158, 156);


------------------------------------------------------------------------------------
-- item#32
INSERT INTO attribute_tupel (id, idattribute, idattribute_tupel_tree) VALUES (159, 46, 32);
INSERT INTO attribute_tupel (id, idattribute, idattribute_tupel_tree) VALUES (160, 65, 32);
INSERT INTO attribute_tupel (id, idattribute, idattribute_tupel_tree) VALUES (161, 1, 32);
INSERT INTO attribute_tupel (id, idattribute) VALUES (162, 11);
INSERT INTO attribute_tupel (id, idattribute) VALUES (163, 12);
INSERT INTO attribute_tupel (id, idattribute) VALUES (164, 13);

INSERT INTO attribute_tupel_children (idattribute_tupel, idchild) VALUES (161, 162);
INSERT INTO attribute_tupel_parent (idattribute_tupel, idparent) VALUES (162, 161);

INSERT INTO attribute_tupel_children (idattribute_tupel, idchild) VALUES (162, 163);
INSERT INTO attribute_tupel_parent (idattribute_tupel, idparent) VALUES (163, 162);

INSERT INTO attribute_tupel_children (idattribute_tupel, idchild) VALUES (162, 164);
INSERT INTO attribute_tupel_parent (idattribute_tupel, idparent) VALUES (164, 162);

------------------------------------------------------------------------------------
-- item#33
INSERT INTO attribute_tupel (id, idattribute, idattribute_tupel_tree) VALUES (165, 2, 33);
INSERT INTO attribute_tupel (id, idattribute) VALUES (166, 16);
INSERT INTO attribute_tupel (id, idattribute) VALUES (167, 51);
INSERT INTO attribute_tupel (id, idattribute) VALUES (168, 52);

INSERT INTO attribute_tupel_children (idattribute_tupel, idchild) VALUES (165, 166);
INSERT INTO attribute_tupel_parent (idattribute_tupel, idparent) VALUES (166, 165);

INSERT INTO attribute_tupel_children (idattribute_tupel, idchild) VALUES (166, 167);
INSERT INTO attribute_tupel_parent (idattribute_tupel, idparent) VALUES (167, 166);

INSERT INTO attribute_tupel_children (idattribute_tupel, idchild) VALUES (166, 168);
INSERT INTO attribute_tupel_parent (idattribute_tupel, idparent) VALUES (168, 166);

------------------------------------------------------------------------------------
-- item#34
INSERT INTO attribute_tupel (id, idattribute, idattribute_tupel_tree) VALUES (169, 2, 34);
INSERT INTO attribute_tupel (id, idattribute) VALUES (170, 16);
INSERT INTO attribute_tupel (id, idattribute) VALUES (171, 51);
INSERT INTO attribute_tupel (id, idattribute) VALUES (172, 52);

INSERT INTO attribute_tupel_children (idattribute_tupel, idchild) VALUES (169, 170);
INSERT INTO attribute_tupel_parent (idattribute_tupel, idparent) VALUES (170, 169);

INSERT INTO attribute_tupel_children (idattribute_tupel, idchild) VALUES (170, 171);
INSERT INTO attribute_tupel_parent (idattribute_tupel, idparent) VALUES (171, 170);

INSERT INTO attribute_tupel_children (idattribute_tupel, idchild) VALUES (170, 172);
INSERT INTO attribute_tupel_parent (idattribute_tupel, idparent) VALUES (172, 170);

------------------------------------------------------------------------------------
-- item#35
INSERT INTO attribute_tupel (id, idattribute, idattribute_tupel_tree) VALUES (173, 2, 35);
INSERT INTO attribute_tupel (id, idattribute) VALUES (174, 17);
INSERT INTO attribute_tupel (id, idattribute) VALUES (175, 22);

INSERT INTO attribute_tupel (id, idattribute) VALUES (176, 54);
INSERT INTO attribute_tupel (id, idattribute) VALUES (177, 55);
INSERT INTO attribute_tupel (id, idattribute) VALUES (178, 56);
INSERT INTO attribute_tupel (id, idattribute) VALUES (179, 13);

INSERT INTO attribute_tupel_children (idattribute_tupel, idchild) VALUES (173, 174);
INSERT INTO attribute_tupel_parent (idattribute_tupel, idparent) VALUES (174, 173);

INSERT INTO attribute_tupel_children (idattribute_tupel, idchild) VALUES (173, 175);
INSERT INTO attribute_tupel_parent (idattribute_tupel, idparent) VALUES (175, 173);


INSERT INTO attribute_tupel_children (idattribute_tupel, idchild) VALUES (173, 176);
INSERT INTO attribute_tupel_parent (idattribute_tupel, idparent) VALUES (176, 173);


INSERT INTO attribute_tupel_children (idattribute_tupel, idchild) VALUES (174, 177);
INSERT INTO attribute_tupel_parent (idattribute_tupel, idparent) VALUES (177, 174);

INSERT INTO attribute_tupel_children (idattribute_tupel, idchild) VALUES (174, 178);
INSERT INTO attribute_tupel_parent (idattribute_tupel, idparent) VALUES (178, 174);

INSERT INTO attribute_tupel_children (idattribute_tupel, idchild) VALUES (174, 179);
INSERT INTO attribute_tupel_parent (idattribute_tupel, idparent) VALUES (179, 174);

------------------------------------------------------------------------------------
-- item#36
INSERT INTO attribute_tupel (id, idattribute, idattribute_tupel_tree) VALUES (180, 2, 36);
INSERT INTO attribute_tupel (id, idattribute) VALUES (181, 21);

INSERT INTO attribute_tupel_children (idattribute_tupel, idchild) VALUES (180, 181);
INSERT INTO attribute_tupel_parent (idattribute_tupel, idparent) VALUES (181, 180);

------------------------------------------------------------------------------------
-- item#37
INSERT INTO attribute_tupel (id, idattribute, idattribute_tupel_tree) VALUES (182, 46, 37);
INSERT INTO attribute_tupel (id, idattribute, idattribute_tupel_tree) VALUES (183, 65, 37);
INSERT INTO attribute_tupel (id, idattribute, idattribute_tupel_tree) VALUES (184, 66, 37);
INSERT INTO attribute_tupel (id, idattribute, idattribute_tupel_tree) VALUES (185, 1, 37);
INSERT INTO attribute_tupel (id, idattribute) VALUES (186, 11);

INSERT INTO attribute_tupel (id, idattribute) VALUES (187, 12);
INSERT INTO attribute_tupel (id, idattribute) VALUES (188, 13);

INSERT INTO attribute_tupel_children (idattribute_tupel, idchild) VALUES (185, 186);
INSERT INTO attribute_tupel_parent (idattribute_tupel, idparent) VALUES (186, 185);

INSERT INTO attribute_tupel_children (idattribute_tupel, idchild) VALUES (186, 187);
INSERT INTO attribute_tupel_parent (idattribute_tupel, idparent) VALUES (187, 186);

INSERT INTO attribute_tupel_children (idattribute_tupel, idchild) VALUES (186, 188);
INSERT INTO attribute_tupel_parent (idattribute_tupel, idparent) VALUES (188, 186);


------------------------------------------------------------------------------------
-- item#38
INSERT INTO attribute_tupel (id, idattribute, idattribute_tupel_tree) VALUES (189, 33, 38);
INSERT INTO attribute_tupel (id, idattribute, idattribute_tupel_tree) VALUES (190, 1, 38);
INSERT INTO attribute_tupel (id, idattribute) VALUES (191, 10);

INSERT INTO attribute_tupel (id, idattribute) VALUES (192, 36);
INSERT INTO attribute_tupel (id, idattribute) VALUES (193, 32);
INSERT INTO attribute_tupel (id, idattribute) VALUES (194, 41);

INSERT INTO attribute_tupel_children (idattribute_tupel, idchild) VALUES (190, 191);
INSERT INTO attribute_tupel_parent (idattribute_tupel, idparent) VALUES (191, 190);

INSERT INTO attribute_tupel_children (idattribute_tupel, idchild) VALUES (191, 192);
INSERT INTO attribute_tupel_parent (idattribute_tupel, idparent) VALUES (192, 191);

INSERT INTO attribute_tupel_children (idattribute_tupel, idchild) VALUES (191, 193);
INSERT INTO attribute_tupel_parent (idattribute_tupel, idparent) VALUES (193, 191);

INSERT INTO attribute_tupel_children (idattribute_tupel, idchild) VALUES (191, 194);
INSERT INTO attribute_tupel_parent (idattribute_tupel, idparent) VALUES (194, 191);

------------------------------------------------------------------------------------
-- item#39
INSERT INTO attribute_tupel (id, idattribute, idattribute_tupel_tree) VALUES (195, 2, 39);
INSERT INTO attribute_tupel (id, idattribute) VALUES (196, 15);
INSERT INTO attribute_tupel (id, idattribute) VALUES (197, 19);

INSERT INTO attribute_tupel (id, idattribute) VALUES (198, 48);
INSERT INTO attribute_tupel (id, idattribute) VALUES (199, 49);
INSERT INTO attribute_tupel (id, idattribute) VALUES (200, 50);


INSERT INTO attribute_tupel_children (idattribute_tupel, idchild) VALUES (195, 196);
INSERT INTO attribute_tupel_parent (idattribute_tupel, idparent) VALUES (196, 195);

INSERT INTO attribute_tupel_children (idattribute_tupel, idchild) VALUES (195, 197);
INSERT INTO attribute_tupel_parent (idattribute_tupel, idparent) VALUES (197, 195);



INSERT INTO attribute_tupel_children (idattribute_tupel, idchild) VALUES (196, 198);
INSERT INTO attribute_tupel_parent (idattribute_tupel, idparent) VALUES (198, 196);

INSERT INTO attribute_tupel_children (idattribute_tupel, idchild) VALUES (196, 199);
INSERT INTO attribute_tupel_parent (idattribute_tupel, idparent) VALUES (199, 196);

INSERT INTO attribute_tupel_children (idattribute_tupel, idchild) VALUES (196, 200);
INSERT INTO attribute_tupel_parent (idattribute_tupel, idparent) VALUES (200, 196);

------------------------------------------------------------------------------------
-- item#40
INSERT INTO attribute_tupel (id, idattribute, idattribute_tupel_tree) VALUES (201, 65, 40);
INSERT INTO attribute_tupel (id, idattribute, idattribute_tupel_tree) VALUES (202, 66, 40);
INSERT INTO attribute_tupel (id, idattribute, idattribute_tupel_tree) VALUES (203, 33, 40);
INSERT INTO attribute_tupel (id, idattribute, idattribute_tupel_tree) VALUES (204, 1, 40);
INSERT INTO attribute_tupel (id, idattribute) VALUES (205, 10);
INSERT INTO attribute_tupel (id, idattribute) VALUES (206, 37);
INSERT INTO attribute_tupel (id, idattribute) VALUES (207, 43);
INSERT INTO attribute_tupel (id, idattribute) VALUES (208, 44);

INSERT INTO attribute_tupel_children (idattribute_tupel, idchild) VALUES (204, 205);
INSERT INTO attribute_tupel_parent (idattribute_tupel, idparent) VALUES (205, 204);

INSERT INTO attribute_tupel_children (idattribute_tupel, idchild) VALUES (205, 206);
INSERT INTO attribute_tupel_parent (idattribute_tupel, idparent) VALUES (206, 205);

INSERT INTO attribute_tupel_children (idattribute_tupel, idchild) VALUES (205, 207);
INSERT INTO attribute_tupel_parent (idattribute_tupel, idparent) VALUES (207, 205);

INSERT INTO attribute_tupel_children (idattribute_tupel, idchild) VALUES (205, 208);
INSERT INTO attribute_tupel_parent (idattribute_tupel, idparent) VALUES (208, 205);

INSERT INTO attribute_tupel_children (idattribute_tupel, idchild) VALUES (205, 209);
INSERT INTO attribute_tupel_parent (idattribute_tupel, idparent) VALUES (209, 205);

------------------------------------------------------------------------------------
-- item#41
INSERT INTO attribute_tupel (id, idattribute, idattribute_tupel_tree) VALUES (210, 33, 41);
INSERT INTO attribute_tupel (id, idattribute, idattribute_tupel_tree) VALUES (211, 1, 41);
INSERT INTO attribute_tupel (id, idattribute) VALUES (212, 10);
INSERT INTO attribute_tupel (id, idattribute) VALUES (213, 38);
INSERT INTO attribute_tupel (id, idattribute) VALUES (214, 42);

INSERT INTO attribute_tupel_children (idattribute_tupel, idchild) VALUES (211, 212);
INSERT INTO attribute_tupel_parent (idattribute_tupel, idparent) VALUES (211, 212);

INSERT INTO attribute_tupel_children (idattribute_tupel, idchild) VALUES (212, 213);
INSERT INTO attribute_tupel_parent (idattribute_tupel, idparent) VALUES (213, 212);

INSERT INTO attribute_tupel_children (idattribute_tupel, idchild) VALUES (212, 214);
INSERT INTO attribute_tupel_parent (idattribute_tupel, idparent) VALUES (214, 212);

------------------------------------------------------------------------------------
-- item#42
INSERT INTO attribute_tupel (id, idattribute, idattribute_tupel_tree) VALUES (215, 33, 42);
INSERT INTO attribute_tupel (id, idattribute, idattribute_tupel_tree) VALUES (216, 1, 42);
INSERT INTO attribute_tupel (id, idattribute) VALUES (217, 10);
INSERT INTO attribute_tupel (id, idattribute) VALUES (218, 35);
INSERT INTO attribute_tupel (id, idattribute) VALUES (219, 41);
INSERT INTO attribute_tupel (id, idattribute) VALUES (220, 44);
INSERT INTO attribute_tupel (id, idattribute) VALUES (221, 64);

INSERT INTO attribute_tupel_children (idattribute_tupel, idchild) VALUES (216, 217);
INSERT INTO attribute_tupel_parent (idattribute_tupel, idparent) VALUES (217, 216);

INSERT INTO attribute_tupel_children (idattribute_tupel, idchild) VALUES (217, 218);
INSERT INTO attribute_tupel_parent (idattribute_tupel, idparent) VALUES (218, 217);

INSERT INTO attribute_tupel_children (idattribute_tupel, idchild) VALUES (217, 219);
INSERT INTO attribute_tupel_parent (idattribute_tupel, idparent) VALUES (219, 217);

INSERT INTO attribute_tupel_children (idattribute_tupel, idchild) VALUES (217, 220);
INSERT INTO attribute_tupel_parent (idattribute_tupel, idparent) VALUES (220, 217);

INSERT INTO attribute_tupel_children (idattribute_tupel, idchild) VALUES (217, 221);
INSERT INTO attribute_tupel_parent (idattribute_tupel, idparent) VALUES (221, 217);

------------------------------------------------------------------------------------
-- item#43
INSERT INTO attribute_tupel (id, idattribute, idattribute_tupel_tree) VALUES (222, 34, 43);
INSERT INTO attribute_tupel (id, idattribute, idattribute_tupel_tree) VALUES (223, 63, 43);
INSERT INTO attribute_tupel (id, idattribute, idattribute_tupel_tree) VALUES (224, 1, 43);
INSERT INTO attribute_tupel (id, idattribute) VALUES (225, 8);
INSERT INTO attribute_tupel (id, idattribute) VALUES (226, 40);
INSERT INTO attribute_tupel (id, idattribute) VALUES (227, 45);
INSERT INTO attribute_tupel (id, idattribute) VALUES (228, 60);
INSERT INTO attribute_tupel (id, idattribute) VALUES (229, 58);

INSERT INTO attribute_tupel_children (idattribute_tupel, idchild) VALUES (224, 225);
INSERT INTO attribute_tupel_parent (idattribute_tupel, idparent) VALUES (225, 224);

INSERT INTO attribute_tupel_children (idattribute_tupel, idchild) VALUES (225, 226);
INSERT INTO attribute_tupel_parent (idattribute_tupel, idparent) VALUES (226, 225);

INSERT INTO attribute_tupel_children (idattribute_tupel, idchild) VALUES (225, 227);
INSERT INTO attribute_tupel_parent (idattribute_tupel, idparent) VALUES (227, 225);

INSERT INTO attribute_tupel_children (idattribute_tupel, idchild) VALUES (225, 228);
INSERT INTO attribute_tupel_parent (idattribute_tupel, idparent) VALUES (228, 225);

INSERT INTO attribute_tupel_children (idattribute_tupel, idchild) VALUES (225, 229);
INSERT INTO attribute_tupel_parent (idattribute_tupel, idparent) VALUES (229, 225);

------------------------------------------------------------------------------------
-- item#44
INSERT INTO attribute_tupel (id, idattribute, idattribute_tupel_tree) VALUES (230, 34, 44);
INSERT INTO attribute_tupel (id, idattribute, idattribute_tupel_tree) VALUES (231, 63, 44);
INSERT INTO attribute_tupel (id, idattribute, idattribute_tupel_tree) VALUES (232, 1, 44);
INSERT INTO attribute_tupel (id, idattribute) VALUES (233, 8);
INSERT INTO attribute_tupel (id, idattribute) VALUES (234, 40);
INSERT INTO attribute_tupel (id, idattribute) VALUES (235, 45);
INSERT INTO attribute_tupel (id, idattribute) VALUES (236, 60);
INSERT INTO attribute_tupel (id, idattribute) VALUES (237, 58);

INSERT INTO attribute_tupel_children (idattribute_tupel, idchild) VALUES (231, 233);
INSERT INTO attribute_tupel_parent (idattribute_tupel, idparent) VALUES (233, 231);
INSERT INTO attribute_tupel_children (idattribute_tupel, idchild) VALUES (233, 234);
INSERT INTO attribute_tupel_parent (idattribute_tupel, idparent) VALUES (234, 233);

INSERT INTO attribute_tupel_children (idattribute_tupel, idchild) VALUES (233, 235);
INSERT INTO attribute_tupel_parent (idattribute_tupel, idparent) VALUES (235, 233);

INSERT INTO attribute_tupel_children (idattribute_tupel, idchild) VALUES (233, 236);
INSERT INTO attribute_tupel_parent (idattribute_tupel, idparent) VALUES (236, 233);


INSERT INTO attribute_tupel_children (idattribute_tupel, idchild) VALUES (233, 237);
INSERT INTO attribute_tupel_parent (idattribute_tupel, idparent) VALUES (237, 233);

------------------------------------------------------------------------------------
-- item#45
INSERT INTO attribute_tupel (id, idattribute, idattribute_tupel_tree) VALUES (238, 2, 45);
INSERT INTO attribute_tupel (id, idattribute) VALUES (239, 17);
INSERT INTO attribute_tupel (id, idattribute) VALUES (240, 53);
INSERT INTO attribute_tupel (id, idattribute) VALUES (241, 54);

INSERT INTO attribute_tupel_children (idattribute_tupel, idchild) VALUES (238, 239);
INSERT INTO attribute_tupel_parent (idattribute_tupel, idparent) VALUES (239, 238);

INSERT INTO attribute_tupel_children (idattribute_tupel, idchild) VALUES (239, 240);
INSERT INTO attribute_tupel_parent (idattribute_tupel, idparent) VALUES (240, 239);

INSERT INTO attribute_tupel_children (idattribute_tupel, idchild) VALUES (239, 241);
INSERT INTO attribute_tupel_parent (idattribute_tupel, idparent) VALUES (241, 239);

------------------------------------------------------------------------------------
-- item#46
INSERT INTO attribute_tupel (id, idattribute, idattribute_tupel_tree) VALUES (242, 63, 46);
INSERT INTO attribute_tupel (id, idattribute, idattribute_tupel_tree) VALUES (243, 63, 46);
INSERT INTO attribute_tupel (id, idattribute, idattribute_tupel_tree) VALUES (244, 1, 46);
INSERT INTO attribute_tupel (id, idattribute) VALUES (245, 8);
INSERT INTO attribute_tupel (id, idattribute) VALUES (246, 34);
INSERT INTO attribute_tupel (id, idattribute) VALUES (247, 40);
INSERT INTO attribute_tupel (id, idattribute) VALUES (248, 45);
INSERT INTO attribute_tupel (id, idattribute) VALUES (249, 60);

INSERT INTO attribute_tupel (id, idattribute, idattribute_tupel_tree) VALUES (250, 2, 46);
INSERT INTO attribute_tupel (id, idattribute) VALUES (251, 18);
INSERT INTO attribute_tupel (id, idattribute) VALUES (252, 30);
INSERT INTO attribute_tupel (id, idattribute) VALUES (253, 31);
INSERT INTO attribute_tupel (id, idattribute) VALUES (254, 32);



INSERT INTO attribute_tupel_children (idattribute_tupel, idchild) VALUES (244, 245);
INSERT INTO attribute_tupel_parent (idattribute_tupel, idparent) VALUES (245, 244);

INSERT INTO attribute_tupel_children (idattribute_tupel, idchild) VALUES (245, 246);
INSERT INTO attribute_tupel_parent (idattribute_tupel, idparent) VALUES (246, 245);

INSERT INTO attribute_tupel_children (idattribute_tupel, idchild) VALUES (245, 247);
INSERT INTO attribute_tupel_parent (idattribute_tupel, idparent) VALUES (247, 245);

INSERT INTO attribute_tupel_children (idattribute_tupel, idchild) VALUES (245, 248);
INSERT INTO attribute_tupel_parent (idattribute_tupel, idparent) VALUES (248, 2455);

INSERT INTO attribute_tupel_children (idattribute_tupel, idchild) VALUES (245, 249);
INSERT INTO attribute_tupel_parent (idattribute_tupel, idparent) VALUES (249, 245);



INSERT INTO attribute_tupel_children (idattribute_tupel, idchild) VALUES (250, 251);
INSERT INTO attribute_tupel_parent (idattribute_tupel, idparent) VALUES (251, 250);

INSERT INTO attribute_tupel_children (idattribute_tupel, idchild) VALUES (251, 252);
INSERT INTO attribute_tupel_parent (idattribute_tupel, idparent) VALUES (252, 251);

INSERT INTO attribute_tupel_children (idattribute_tupel, idchild) VALUES (251, 253);
INSERT INTO attribute_tupel_parent (idattribute_tupel, idparent) VALUES (253, 251);

INSERT INTO attribute_tupel_children (idattribute_tupel, idchild) VALUES (251, 254);
INSERT INTO attribute_tupel_parent (idattribute_tupel, idparent) VALUES (254, 251);

------------------------------------------------------------------------------------
-- item#47
INSERT INTO attribute_tupel (id, idattribute, idattribute_tupel_tree) VALUES (255, 2, 47);
INSERT INTO attribute_tupel (id, idattribute) VALUES (256, 15);
INSERT INTO attribute_tupel (id, idattribute) VALUES (257, 48);
INSERT INTO attribute_tupel (id, idattribute) VALUES (258, 50);

INSERT INTO attribute_tupel_children (idattribute_tupel, idchild) VALUES (255, 256);
INSERT INTO attribute_tupel_parent (idattribute_tupel, idparent) VALUES (256, 255);

INSERT INTO attribute_tupel_children (idattribute_tupel, idchild) VALUES (256, 257);
INSERT INTO attribute_tupel_parent (idattribute_tupel, idparent) VALUES (257, 256);

INSERT INTO attribute_tupel_children (idattribute_tupel, idchild) VALUES (256, 258);
INSERT INTO attribute_tupel_parent (idattribute_tupel, idparent) VALUES (258, 256);

------------------------------------------------------------------------------------
-- item#48
INSERT INTO attribute_tupel (id, idattribute, idattribute_tupel_tree) VALUES (259, 2, 48);
INSERT INTO attribute_tupel (id, idattribute) VALUES (260, 20);

INSERT INTO attribute_tupel_children (idattribute_tupel, idchild) VALUES (259, 360);

------------------------------------------------------------------------------------
-- item#49
INSERT INTO attribute_tupel (id, idattribute, idattribute_tupel_tree) VALUES (261, 63, 49);
INSERT INTO attribute_tupel (id, idattribute, idattribute_tupel_tree) VALUES (262, 34, 49);
INSERT INTO attribute_tupel (id, idattribute, idattribute_tupel_tree) VALUES (263, 1, 49);
INSERT INTO attribute_tupel (id, idattribute) VALUES (264, 8);
INSERT INTO attribute_tupel (id, idattribute) VALUES (265, 40);
INSERT INTO attribute_tupel (id, idattribute) VALUES (266, 45);
INSERT INTO attribute_tupel (id, idattribute) VALUES (267, 60);
INSERT INTO attribute_tupel (id, idattribute) VALUES (268, 58);

INSERT INTO attribute_tupel_children (idattribute_tupel, idchild) VALUES (263, 264);
INSERT INTO attribute_tupel_parent (idattribute_tupel, idparent) VALUES (264, 263);

INSERT INTO attribute_tupel_children (idattribute_tupel, idchild) VALUES (264, 265);
INSERT INTO attribute_tupel_parent (idattribute_tupel, idparent) VALUES (265, 264);

INSERT INTO attribute_tupel_children (idattribute_tupel, idchild) VALUES (264, 266);
INSERT INTO attribute_tupel_parent (idattribute_tupel, idparent) VALUES (266, 264);

INSERT INTO attribute_tupel_children (idattribute_tupel, idchild) VALUES (265, 267);
INSERT INTO attribute_tupel_parent (idattribute_tupel, idparent) VALUES (267, 265);

INSERT INTO attribute_tupel_children (idattribute_tupel, idchild) VALUES (265, 268);
INSERT INTO attribute_tupel_parent (idattribute_tupel, idparent) VALUES (268, 265);



------------------------------------------------------------------------------------
-- item#50
INSERT INTO attribute_tupel (id, idattribute, idattribute_tupel_tree) VALUES (269, 3, 50);

------------------------------------------------------------------------------------
-- item#51
INSERT INTO attribute_tupel (id, idattribute, idattribute_tupel_tree) VALUES (270, 70, 51);

------------------------------------------------------------------------------------
-- item#52
INSERT INTO attribute_tupel (id, idattribute, idattribute_tupel_tree) VALUES (271, 3, 52);

------------------------------------------------------------------------------------
-- item#53
INSERT INTO attribute_tupel (id, idattribute, idattribute_tupel_tree) VALUES (272, 70, 53);


------------------------------------------------------------------------------------
-- item#54
INSERT INTO attribute_tupel (id, idattribute, idattribute_tupel_tree) VALUES (273, 71, 54);

------------------------------------------------------------------------------------
-- item#55
INSERT INTO attribute_tupel (id, idattribute, idattribute_tupel_tree) VALUES (274, 71, 55);

------------------------------------------------------------------------------------
-- item#56
INSERT INTO attribute_tupel (id, idattribute, idattribute_tupel_tree) VALUES (275, 71, 56);

------------------------------------------------------------------------------------
-- item#57
INSERT INTO attribute_tupel (id, idattribute, idattribute_tupel_tree) VALUES (276, 70, 57);

------------------------------------------------------------------------------------
-- item#58
INSERT INTO attribute_tupel (id, idattribute, idattribute_tupel_tree) VALUES (277, 70, 58);

------------------------------------------------------------------------------------
-- item#59
INSERT INTO attribute_tupel (id, idattribute, idattribute_tupel_tree) VALUES (278, 70, 59);

------------------------------------------------------------------------------------
-- item#60
INSERT INTO attribute_tupel (id, idattribute, idattribute_tupel_tree) VALUES (279, 3, 60);

------------------------------------------------------------------------------------
-- item#61
INSERT INTO attribute_tupel (id, idattribute, idattribute_tupel_tree) VALUES (280, 3, 61);

------------------------------------------------------------------------------------
-- item#62
INSERT INTO attribute_tupel (id, idattribute, idattribute_tupel_tree) VALUES (281, 71, 62);





------------------------------------------------------------------------------------
-- item#63
INSERT INTO attribute_tupel (id, idattribute, idattribute_tupel_tree) VALUES (282, 2, 63);
INSERT INTO attribute_tupel (id, idattribute) VALUES (283, 20);

INSERT INTO attribute_tupel_children (idattribute_tupel, idchild) VALUES (282, 283);
INSERT INTO attribute_tupel_parent (idattribute_tupel, idparent) VALUES (283, 282);

------------------------------------------------------------------------------------
-- item#72
INSERT INTO attribute_tupel (id, idattribute, idattribute_tupel_tree) VALUES (284, 2, 72);
INSERT INTO attribute_tupel (id, idattribute) VALUES (285, 17);
INSERT INTO attribute_tupel (id, idattribute) VALUES (286, 53);
INSERT INTO attribute_tupel (id, idattribute) VALUES (287, 54);

INSERT INTO attribute_tupel_children (idattribute_tupel, idchild) VALUES (284, 285);
INSERT INTO attribute_tupel_parent (idattribute_tupel, idparent) VALUES (285, 284);

INSERT INTO attribute_tupel_children (idattribute_tupel, idchild) VALUES (285, 286);
INSERT INTO attribute_tupel_parent (idattribute_tupel, idparent) VALUES (286, 285);

INSERT INTO attribute_tupel_children (idattribute_tupel, idchild) VALUES (285, 287);
INSERT INTO attribute_tupel_parent (idattribute_tupel, idparent) VALUES (287, 285);





-- Trainings-Items

------------------------------------------------------------------------------------
-- item#64
INSERT INTO attribute_tupel (id, idattribute, idattribute_tupel_tree) VALUES (288, 1, 64);
INSERT INTO attribute_tupel (id, idattribute) VALUES (289, 6);
INSERT INTO attribute_tupel (id, idattribute) VALUES (290, 45);
INSERT INTO attribute_tupel (id, idattribute) VALUES (291, 58);
INSERT INTO attribute_tupel (id, idattribute) VALUES (292, 40);


INSERT INTO attribute_tupel_children (idattribute_tupel, idchild) VALUES (288, 289);
INSERT INTO attribute_tupel_parent (idattribute_tupel, idparent) VALUES (289, 288);


INSERT INTO attribute_tupel_children (idattribute_tupel, idchild) VALUES (289, 290);
INSERT INTO attribute_tupel_parent (idattribute_tupel, idparent) VALUES (290, 289);

INSERT INTO attribute_tupel_children (idattribute_tupel, idchild) VALUES (290, 291);
INSERT INTO attribute_tupel_parent (idattribute_tupel, idparent) VALUES (291, 290);


INSERT INTO attribute_tupel_children (idattribute_tupel, idchild) VALUES (289, 292);
INSERT INTO attribute_tupel_parent (idattribute_tupel, idparent) VALUES (292, 289);


------------------------------------------------------------------------------------
-- item#65
INSERT INTO attribute_tupel (id, idattribute, idattribute_tupel_tree) VALUES (293, 1, 65);
INSERT INTO attribute_tupel (id, idattribute) VALUES (294, 8);
INSERT INTO attribute_tupel (id, idattribute) VALUES (295, 41);
INSERT INTO attribute_tupel (id, idattribute) VALUES (296, 42);


INSERT INTO attribute_tupel_children (idattribute_tupel, idchild) VALUES (293, 294);
INSERT INTO attribute_tupel_parent (idattribute_tupel, idparent) VALUES (294, 293);

INSERT INTO attribute_tupel_children (idattribute_tupel, idchild) VALUES (294, 295);
INSERT INTO attribute_tupel_parent (idattribute_tupel, idparent) VALUES (295, 294);

INSERT INTO attribute_tupel_children (idattribute_tupel, idchild) VALUES (294, 296);
INSERT INTO attribute_tupel_parent (idattribute_tupel, idparent) VALUES (296, 294);


------------------------------------------------------------------------------------
-- item#66
INSERT INTO attribute_tupel (id, idattribute, idattribute_tupel_tree) VALUES (297, 33, 66);
INSERT INTO attribute_tupel (id, idattribute, idattribute_tupel_tree) VALUES (298, 1, 66);
INSERT INTO attribute_tupel (id, idattribute) VALUES (299, 10);

INSERT INTO attribute_tupel_children (idattribute_tupel, idchild) VALUES (298, 299);
INSERT INTO attribute_tupel_parent (idattribute_tupel, idparent) VALUES (299, 298);


------------------------------------------------------------------------------------
-- item#67
INSERT INTO attribute_tupel (id, idattribute, idattribute_tupel_tree) VALUES (300, 34, 67);
INSERT INTO attribute_tupel (id, idattribute, idattribute_tupel_tree) VALUES (301, 1, 67);
INSERT INTO attribute_tupel (id, idattribute) VALUES (302, 69);
INSERT INTO attribute_tupel (id, idattribute) VALUES (303, 12);
INSERT INTO attribute_tupel (id, idattribute) VALUES (304, 13);

INSERT INTO attribute_tupel_children (idattribute_tupel, idchild) VALUES (301, 302);
INSERT INTO attribute_tupel_parent (idattribute_tupel, idparent) VALUES (302, 301);

INSERT INTO attribute_tupel_children (idattribute_tupel, idchild) VALUES (302, 303);
INSERT INTO attribute_tupel_parent (idattribute_tupel, idparent) VALUES (303, 302);

INSERT INTO attribute_tupel_children (idattribute_tupel, idchild) VALUES (302, 304);
INSERT INTO attribute_tupel_parent (idattribute_tupel, idparent) VALUES (304, 302);


------------------------------------------------------------------------------------
-- item#68
INSERT INTO attribute_tupel (id, idattribute, idattribute_tupel_tree) VALUES (305, 2, 68);
INSERT INTO attribute_tupel (id, idattribute) VALUES (306, 20);

INSERT INTO attribute_tupel_children (idattribute_tupel, idchild) VALUES (305, 306);
INSERT INTO attribute_tupel_parent (idattribute_tupel, idparent) VALUES (306, 305);


------------------------------------------------------------------------------------
-- item#69
INSERT INTO attribute_tupel (id, idattribute, idattribute_tupel_tree) VALUES (307, 2, 69);
INSERT INTO attribute_tupel (id, idattribute) VALUES (308, 16);

INSERT INTO attribute_tupel_children (idattribute_tupel, idchild) VALUES (307, 308);
INSERT INTO attribute_tupel_parent (idattribute_tupel, idparent) VALUES (308, 307);


------------------------------------------------------------------------------------
-- item#70
INSERT INTO attribute_tupel (id, idattribute, idattribute_tupel_tree) VALUES (309, 2, 70);
INSERT INTO attribute_tupel (id, idattribute) VALUES (310, 17);
INSERT INTO attribute_tupel (id, idattribute) VALUES (311, 54);

INSERT INTO attribute_tupel_children (idattribute_tupel, idchild) VALUES (309, 310);
INSERT INTO attribute_tupel_parent (idattribute_tupel, idparent) VALUES (310, 309);

INSERT INTO attribute_tupel_children (idattribute_tupel, idchild) VALUES (310, 311);
INSERT INTO attribute_tupel_parent (idattribute_tupel, idparent) VALUES (311, 310);


------------------------------------------------------------------------------------
-- item#71
INSERT INTO attribute_tupel (id, idattribute, idattribute_tupel_tree) VALUES (312, 2, 71);
INSERT INTO attribute_tupel (id, idattribute) VALUES (313, 15);

INSERT INTO attribute_tupel_children (idattribute_tupel, idchild) VALUES (312, 313);
INSERT INTO attribute_tupel_parent (idattribute_tupel, idparent) VALUES (313, 312);






------------------------------------------------------------------------------------
-- user#1
INSERT INTO user (id, firstname, lastname, dateOfBirth, idgender, username, adaptivityEnabled, bufferToNextConnection, dateOfRegistration, dateOfLastUpdate, email, avgWalkingSpeed, maxWalkingSpeed, minWalkingSpeed) VALUES (1, 'Niclas', 'Kannengießer', '1990-10-21', 72, 'nic', false, 5, NOW(), NOW(), 'beispiel@web.de', 3, 6, 1);
INSERT INTO attribute_tupel (id, idattribute, idattribute_tupel_tree) VALUES (314, 72, 1);

------------------------------------------------------------------------------------
-- user#2
INSERT INTO user (id, firstname, lastname, dateOfBirth, idgender, username, adaptivityEnabled, bufferToNextConnection, dateOfRegistration, dateOfLastUpdate, email, avgWalkingSpeed, maxWalkingSpeed, minWalkingSpeed) VALUES (2, 'Jens', 'Hegenberg', '1981-04-26', 72, 'jens', false, 5, NOW(), NOW(), 'beispiel2@web.de', 3, 6, 1);
INSERT INTO attribute_tupel (id, idattribute, idattribute_tupel_tree) VALUES (315, 72, 2);







-- Dump ratings
INSERT INTO rating (rating, iditem, iduser) VALUES (0.8, 3, 1);
INSERT INTO rating (rating, iditem, iduser) VALUES (0.3, 4, 1);
INSERT INTO rating (rating, iditem, iduser) VALUES (0.2, 5, 1);
INSERT INTO rating (rating, iditem, iduser) VALUES (0.1, 6, 1);
INSERT INTO rating (rating, iditem, iduser) VALUES (0.1, 7, 1);

INSERT INTO rating (rating, iditem, iduser) VALUES (0.6, 3, 2);
INSERT INTO rating (rating, iditem, iduser) VALUES (0.6, 4, 2);
INSERT INTO rating (rating, iditem, iduser) VALUES (0.7, 5, 2);
INSERT INTO rating (rating, iditem, iduser) VALUES (0.6, 6, 2);
INSERT INTO rating (rating, iditem, iduser) VALUES (0.1, 7, 1);



-- Dump traffic junctions
INSERT INTO traffic_junction (name) VALUES ('Berlin (HBF)');
INSERT INTO traffic_junction (name) VALUES ('Frankfurt am Main (HBF)');
INSERT INTO traffic_junction (name) VALUES ('Hamburg (HBF)');
INSERT INTO traffic_junction (name) VALUES ('München (HBF)');